"Grupo de pesquisa: UPEC - Unidade de Pesquisa em Energia, Clima e Desenvolvimento Sustentável  Período de 05/02/2021 à 31/03/2023 | Manaus - AM",,,,,,,,,,,,,,"Latitude: -3,09772
Longitude: -59.975",
Metodologias Utilizadas:,,,,,,,,,,,,,,,
"Metodologias Utilizadas:
1. Extração dos Dados da Estação do site ZENTRA Cloud
2. Separação dos Dados de Precipitação, Radiação, Raios em um arquivo .csv.
3. Separação dos Dados de Taxa de Precipitação, Distância dos Raios, Temperatura do Ar, Pressão de Vapor e Pressão Atmosférica em um segundo arquivo .csv.
O primeiro arquivo teve os dados do período utilizado agrupados em acumulados diários, mensais e anuais com ajuda de código Python via Google Colab com a função data.resample().sum() respectivamente. Já no segundo arquivo foram agrupadas as médias com data.resample().mean().
Depois foram baixados os dados acumulados e médios diários, mensais e anuais em uma planhilha .xlsx e transformado em .csv.",,,,,,,,,,,,,,,
Nota: O mês de Fevereiro de 2021 começam os registros no dia 5 e o mês de Janeiro de 2022 não possui dados.,,,,,,,,,,,,,,,
Dados Meteorológicos da Estação Automática de Manaus (EMA) ,,,,,,,,,,,,,,,
Data,Radiação Solar (W/m²),Precipitação (mm),Atividade de Raios,Distância Média do Raio (km),Direção Média do Vento (graus ° ),Direção Média do Vento (Ponto Cardeal),Velocidade da Rajada (m/s), m/s Gust Speed,Temperatura Média do Ar  (°C),Temperatura Mínima Absoluta (°C),Temperatura Máxima Absoluta  (°C), kPa Vapor Pressure,Pressão Atmosférica Média (kPa),Pressão Mínim Absoluta (kPa),Pressão Atmosférica Máxima Absoluta (kPa)
2/5/2021,11731740,"0,00","0,00","0,00","267,66",O,"0,93","1,33","29,55","24,20","33,00","2,91","99,95","99,63","100,22"
2/6/2021,12631020,"7,95","16,00","0,13","175,91",S,"0,90","1,27","25,69","22,80","30,70","3,05","100,15","99,90","100,41"
2/7/2021,10169220,"31,86","1,00","0,02","216,11",SO,"3,65","4,64","25,28","23,30","29,40","3,05","100,17","99,88","100,41"
2/8/2021,13418700,"1,58","0,00","0,00","246,29",OSO,"0,74","1,00","25,52","22,60","30,80","3,03","100,08","99,73","100,40"
2/9/2021,10901760,"16,77","24,00","0,14","232,84",SO,"0,78","1,17","25,95","22,80","29,60","3,00","100,07","99,80","100,32"
2/10/2021,22126500,"3,76","0,00","0,00","269,02",O,"1,13","1,61","26,42","22,60","31,90","2,94","100,00","99,70","100,25"
2/11/2021,16615980,"1,16","1,00","0,01","267,67",O,"1,18","1,76","26,36","24,40","32,30","2,99","99,99","99,73","100,28"
2/12/2021,15115140,"5,58","0,00","0,00","237,67",OSO,"0,93","1,35","25,38","23,80","29,40","3,00","100,02","99,72","100,26"
2/13/2021,6401700,"35,58","2,00","0,04","200,95",SSO,"0,74","0,97","24,67","23,10","29,60","3,03","100,04","99,80","100,22"
2/14/2021,2294040,"54,31","1,00","0,01","290,61",ONO,"0,84","1,06","23,72","22,50","25,20","2,93","100,11","99,89","100,42"
2/15/2021,6268980,"4,30","0,00","0,00","258,35",OSO,"1,02","1,42","24,33","23,50","27,50","3,03","100,19","100,03","100,41"
2/16/2021,15937620,"0,10","0,00","0,00","282,31",ONO,"0,87","1,26","26,21","23,00","31,30","2,97","100,13","99,87","100,40"
2/17/2021,19124040,"24,81","29,00","0,20","209,91",SSO,"0,81","1,26","26,55","23,50","33,10","2,92","100,08","99,83","100,25"
2/18/2021,22297740,"0,02","0,00","0,00","186,75",S,"0,84","1,22","27,82","24,20","32,80","2,95","100,09","99,81","100,39"
2/19/2021,21182280,"0,41","0,00","0,00","194,52",SSO,"0,65","1,03","28,06","24,70","34,40","2,91","100,08","99,74","100,29"
2/20/2021,5783700,"55,61","1,00","0,02","80,53",L,"1,88","2,51","22,88","21,40","26,60","2,77","100,30","100,07","100,65"
2/21/2021,18995160,"0,00","0,00","0,00","155,55",SSE,"0,73","1,07","26,06","22,30","31,90","2,88","100,21","99,90","100,47"
2/22/2021,19733460,"0,00","0,00","0,00","208,53",SSO,"0,81","1,32","27,08","24,00","31,70","2,93","100,14","99,82","100,39"
2/23/2021,16359540,"0,00","0,00","0,00","217,00",SO,"0,85","1,38","26,68","24,50","31,10","3,00","100,15","99,82","100,49"
2/24/2021,17019720,"0,02","0,00","0,00","154,82",SSE,"0,74","1,03","27,14","24,60","31,70","3,07","100,12","99,74","100,46"
2/25/2021,10087620,"37,48","8,00","0,07","95,70",L,"0,93","1,23","24,47","22,10","27,00","2,94","100,11","99,87","100,48"
2/26/2021,7911780,"0,65","0,00","0,00","156,75",SSE,"0,86","1,18","24,59","23,40","26,40","2,95","100,00","99,70","100,37"
2/27/2021,18748980,"1,84","0,00","0,00","165,00",SSE,"0,83","1,19","26,28","23,30","31,20","3,01","99,98","99,59","100,32"
2/28/2021,7480380,"42,96","0,00","0,00","154,02",SSE,"0,74","1,00","24,71","23,00","27,50","2,99","99,93","99,66","100,25"
3/1/2021,11058000,"15,12","1,00","0,01","151,77",SSE,"0,75","1,04","25,48","23,50","29,10","3,03","99,85","99,60","100,08"
3/2/2021,11974680,"20,84","8,00","0,07","123,22",LSE,"0,73","1,01","24,74","22,00","30,80","2,94","100,04","99,80","100,32"
3/3/2021,11656080,"3,06","1,00","0,01","130,54",SE,"0,85","1,16","23,82","22,70","29,90","2,88","100,26","100,08","100,54"
3/4/2021,15975480,"0,65","0,00","0,00","126,91",SE,"0,85","1,15","25,16","22,90","29,60","2,99","100,23","99,90","100,51"
3/5/2021,10699620,"0,03","3,00","0,06","124,51",SE,"0,80","1,01","25,64","23,70","30,60","3,04","100,13","99,86","100,38"
3/6/2021,5927700,"2,59","2,00","0,03","124,56",SE,"0,86","1,14","24,51","23,20","27,70","3,00","100,16","99,80","100,43"
3/7/2021,20062860,"0,00","0,00","0,00","151,83",SSE,"0,79","1,13","26,52","22,70","32,40","3,04","100,13","99,72","100,46"
3/8/2021,7964580,"22,03","2,00","0,03","96,88",L,"0,88","1,14","24,89","23,20","28,40","3,05","100,16","99,90","100,44"
3/9/2021,7325340,"13,67","3,00","0,02","132,84",SE,"1,05","1,38","23,94","22,20","27,40","2,95","100,18","99,91","100,41"
3/10/2021,11116200,"45,90","25,00","0,13","108,84",LSE,"0,88","1,18","24,05","22,30","30,00","2,88","100,19","99,92","100,43"
3/11/2021,10637580,"4,95","0,00","0,00","112,30",LSE,"0,74","1,03","24,04","23,10","27,00","2,94","100,25","100,00","100,57"
3/12/2021,23366640,"0,17","0,00","0,00","119,32",LSE,"0,78","1,14","26,21","23,00","31,90","2,93","100,28","99,90","100,59"
3/13/2021,12460440,"19,77","0,00","0,00","103,67",LSE,"0,76","0,99","25,54","23,40","29,40","2,99","100,32","99,96","100,69"
3/14/2021,13802760,"1,94","1,00","0,02","122,77",LSE,"0,68","0,89","25,83","24,00","31,10","3,05","100,24","99,93","100,55"
3/15/2021,14136180,"2,25","7,00","0,09","133,49",SE,"0,82","1,08","26,48","24,10","30,80","3,19","100,15","99,72","100,44"
3/16/2021,16994460,"0,00","0,00","0,00","143,99",SE,"1,04","1,43","26,82","24,00","31,70","3,13","100,04","99,68","100,37"
3/17/2021,13535820,"0,00","0,00","0,00","152,84",SSE,"0,80","1,15","26,41","22,80","30,40","3,01","100,04","99,71","100,32"
3/18/2021,5276640,"60,64","18,00","0,13","88,43",L,"1,15","1,43","23,43","21,30","26,20","2,87","100,15","99,91","100,38"
3/19/2021,14057880,"0,22","7,00","0,08","163,54",SSE,"0,63","0,95","25,80","23,20","30,60","3,03","100,05","99,79","100,34"
3/20/2021,17431920,"15,18","9,00","0,10","189,61",S,"1,05","1,59","26,06","22,90","31,90","2,94","100,14","99,91","100,38"
3/21/2021,13436460,"9,61","0,00","0,00","155,62",SSE,"0,95","1,39","24,64","22,30","28,60","2,97","100,22","99,94","100,52"
3/22/2021,22730940,"0,00","0,00","0,00","152,24",SSE,"0,80","1,18","26,82","22,50","32,30","2,95","100,13","99,67","100,41"
3/23/2021,11891280,"6,38","4,00","0,05","155,08",SSE,"0,88","1,36","25,58","22,80","30,70","3,04","100,18","99,91","100,43"
3/24/2021,7957260,"53,41","2,00","0,03","84,16",L,"1,08","1,40","24,47","21,00","27,30","2,99","100,31","99,99","100,63"
3/25/2021,16665180,"0,00","0,00","0,00","191,19",S,"0,75","1,16","26,59","23,20","31,80","2,99","100,27","99,90","100,58"
3/26/2021,22969200,"3,26","2,00","0,04","198,32",SSO,"0,74","1,17","27,22","23,90","34,10","2,97","100,16","99,75","100,42"
3/27/2021,17431620,"4,27","1,00","0,01","179,70",S,"0,83","1,19","26,28","23,90","31,30","3,10","100,08","99,74","100,34"
3/28/2021,13553220,"27,55","35,00","0,21","103,37",LSE,"0,93","1,20","25,72","23,70","32,60","3,11","100,06","99,74","100,35"
3/29/2021,15454020,"0,31","0,00","0,00","110,35",LSE,"1,16","1,43","26,38","24,30","30,90","3,22","100,07","99,76","100,34"
3/30/2021,5072040,"76,53","13,00","0,10","75,44",LNE,"1,22","1,48","24,49","23,20","28,20","3,06","100,09","99,76","100,34"
3/31/2021,8553660,"19,67","22,00","0,13","77,61",LNE,"1,07","1,33","24,21","21,40","27,20","2,96","100,06","99,67","100,39"
4/1/2021,11307060,"0,00","0,00","0,00","112,83",LSE,"0,90","1,22","25,80","23,50","30,70","3,13","100,03","99,76","100,30"
4/2/2021,23314500,"0,00","0,00","0,00","204,95",SSO,"0,91","1,44","26,66","23,20","32,60","3,04","100,07","99,74","100,37"
4/3/2021,19646580,"0,00","4,00","0,05","184,73",S,"0,77","1,20","26,72","23,80","32,70","3,07","100,06","99,74","100,29"
4/4/2021,20953560,"0,00","2,00","0,02","141,67",SE,"0,88","1,25","27,52","24,40","33,30","3,13","99,98","99,63","100,28"
4/5/2021,16267200,"0,00","0,00","0,00","135,39",SE,"0,78","1,05","26,74","24,10","32,50","3,07","100,04","99,82","100,32"
4/6/2021,15985920,"0,00","0,00","0,00","129,29",SE,"0,73","0,95","26,89","23,60","32,40","3,09","100,11","99,76","100,40"
4/7/2021,16253580,"0,00","0,00","0,00","80,76",L,"1,10","1,43","27,45","24,20","31,70","3,20","100,09","99,78","100,36"
4/8/2021,17713620,"0,00","3,00","0,02","102,53",LSE,"0,81","1,04","28,10","24,50","34,30","3,19","100,08","99,69","100,36"
4/9/2021,9774300,"0,65","4,00","0,06","107,87",LSE,"0,77","1,00","25,74","23,60","31,20","3,10","100,15","99,89","100,41"
4/10/2021,15486000,"1,84","0,00","0,00","85,95",L,"1,04","1,31","27,34","24,40","33,00","3,25","100,08","99,72","100,40"
4/11/2021,13085460,"49,10","58,00","0,21","118,79",LSE,"1,20","1,64","26,13","23,30","31,60","3,14","100,12","99,84","100,37"
4/12/2021,20135100,"0,34","0,00","0,00","97,98",L,"1,18","1,49","27,28","23,90","32,50","3,21","100,17","99,83","100,41"
4/13/2021,9606840,"0,85","6,00","0,08","101,29",LSE,"0,88","1,09","26,75","23,60","31,30","3,29","100,16","99,82","100,44"
4/14/2021,13050960,"21,80","1,00","0,01","121,58",LSE,"0,84","1,10","25,79","22,50","31,10","3,06","100,19","99,89","100,49"
4/15/2021,18420000,"0,60","3,00","0,04","123,42",LSE,"1,06","1,43","26,92","23,80","32,70","3,17","100,09","99,71","100,38"
4/16/2021,13345680,"0,20","0,00","0,00","155,56",SSE,"0,77","1,04","26,31","23,30","30,50","3,07","100,07","99,72","100,33"
4/17/2021,9495840,"23,91","24,00","0,12","82,37",L,"1,01","1,24","25,39","21,90","30,10","3,10","100,16","99,87","100,45"
4/18/2021,10173480,"26,47","1,00","0,01","113,02",LSE,"1,01","1,35","25,12","23,30","28,40","3,11","100,27","99,94","100,52"
4/19/2021,7711560,"5,03","0,00","0,00","114,28",LSE,"0,73","0,92","24,89","23,60","28,90","3,09","100,34","100,12","100,54"
4/20/2021,13125060,"0,12","5,00","0,07","110,87",LSE,"0,70","1,00","25,68","23,40","30,60","3,08","100,30","100,04","100,53"
4/21/2021,10958940,"23,21","3,00","0,04","115,42",LSE,"0,65","0,87","25,51","22,90","30,50","3,06","100,24","99,93","100,49"
4/22/2021,14829300,"0,49","6,00","0,05","114,18",LSE,"0,81","1,11","26,29","24,00","31,10","3,15","100,17","99,84","100,44"
4/23/2021,12793740,"14,80","0,00","0,00","144,61",SE,"0,82","1,12","25,32","22,70","28,30","3,04","100,16","99,86","100,48"
4/24/2021,14806740,"0,00","1,00","0,03","100,41",L,"0,91","1,17","26,81","24,20","31,80","3,21","100,15","99,76","100,43"
4/25/2021,13593720,"0,75","0,00","0,00","125,15",SE,"0,77","1,05","26,58","24,40","31,70","3,18","100,09","99,72","100,35"
4/26/2021,5281560,"39,20","8,00","0,10","65,44",LNE,"1,20","1,49","24,52","22,50","28,30","3,02","100,15","100,01","100,37"
4/27/2021,16227540,"1,17","0,00","0,00","105,24",LSE,"0,88","1,13","26,01","22,50","32,60","3,01","100,11","99,78","100,39"
4/28/2021,10468260,"2,91","0,00","0,00","65,77",LNE,"1,29","1,64","25,75","24,20","29,70","3,14","100,17","99,96","100,38"
4/29/2021,15411360,"0,66","0,00","0,00","66,63",LNE,"1,06","1,39","26,83","23,60","32,20","3,05","100,26","99,94","100,49"
4/30/2021,15348900,"1,02","3,00","0,05","109,93",LSE,"0,85","1,07","26,77","23,40","33,00","3,12","100,26","99,94","100,47"
5/1/2021,16510200,"12,59","4,00","0,06","102,80",LSE,"0,88","1,15","26,77","23,70","32,50","3,15","100,29","99,99","100,54"
5/2/2021,15140280,"21,15","66,00","0,25","94,34",L,"1,03","1,34","26,42","23,40","31,90","3,14","100,30","100,01","100,57"
5/3/2021,6908220,"3,40","0,00","0,00","74,42",LNE,"0,97","1,28","25,04","23,80","27,70","3,10","100,30","100,06","100,50"
5/4/2021,9462120,"35,43","0,00","0,00","77,32",LNE,"0,94","1,18","24,94","23,20","29,50","3,05","100,37","100,10","100,63"
5/5/2021,13343580,"9,10","10,00","0,10","113,44",LSE,"0,83","1,08","26,43","23,10","33,50","3,05","100,35","100,01","100,64"
5/6/2021,15034440,"5,56","4,00","0,03","107,90",LSE,"0,75","1,00","26,15","23,50","30,90","3,17","100,28","100,00","100,54"
5/7/2021,13228560,"0,00","1,00","0,02","120,24",LSE,"0,96","1,32","26,18","23,90","31,60","3,14","100,31","100,05","100,55"
5/8/2021,13663380,"0,00","0,00","0,00","92,28",L,"1,05","1,37","26,15","23,80","30,00","3,11","100,40","100,10","100,66"
5/9/2021,12036120,"55,77","33,00","0,21","93,43",L,"1,22","1,58","25,18","23,30","30,60","3,09","100,41","100,14","100,63"
5/10/2021,9491880,"1,99","0,00","0,00","78,14",LNE,"1,05","1,32","25,17","23,70","28,50","3,11","100,33","100,03","100,54"
5/11/2021,17468640,"2,42","0,00","0,00","118,17",LSE,"0,94","1,18","26,87","23,90","32,90","3,12","100,23","99,88","100,49"
5/12/2021,5826840,"8,86","0,00","0,00","74,10",LNE,"0,90","1,13","25,33","24,00","27,40","3,15","100,28","100,04","100,54"
5/13/2021,7816440,"1,79","0,00","0,00","68,86",LNE,"1,00","1,25","25,66","24,30","29,70","3,19","100,27","100,04","100,49"
5/14/2021,18046380,"0,05","0,00","0,00","116,90",LSE,"0,80","1,07","27,33","24,20","32,50","3,19","100,23","99,89","100,46"
5/15/2021,17523780,"0,07","0,00","0,00","108,70",LSE,"0,87","1,18","27,52","24,20","31,70","3,22","100,20","99,88","100,41"
5/16/2021,11295660,"0,00","0,00","0,00","157,62",SSE,"0,85","1,16","26,48","23,90","30,60","3,17","100,26","100,10","100,46"
5/17/2021,14180160,"3,39","11,00","0,08","128,75",SE,"0,86","1,15","26,64","24,40","32,30","3,22","100,29","100,03","100,48"
5/18/2021,8595420,"15,70","1,00","0,02","97,11",L,"1,02","1,33","25,92","24,30","28,80","3,24","100,32","100,06","100,61"
5/19/2021,6676260,"0,02","0,00","0,00","75,42",LNE,"0,88","1,13","25,44","24,00","27,50","3,09","100,32","100,08","100,56"
5/20/2021,19557780,"0,00","0,00","0,00","119,20",LSE,"0,85","1,17","27,40","23,10","32,80","3,14","100,21","99,89","100,42"
5/21/2021,18091020,"0,00","0,00","0,00","163,53",SSE,"0,72","0,99","28,05","23,90","33,10","3,15","100,13","99,85","100,33"
5/22/2021,17971920,"1,75","1,00","0,02","174,52",S,"0,87","1,29","27,48","23,70","32,50","3,18","100,09","99,78","100,32"
5/23/2021,13758240,"0,00","0,00","0,00","150,43",SSE,"0,75","1,07","27,33","24,20","30,70","3,24","100,12","99,93","100,31"
5/24/2021,19167480,"0,00","0,00","0,00","132,87",SE,"0,81","1,16","28,77","24,90","33,80","3,29","100,15","99,88","100,37"
5/25/2021,13848360,"0,00","0,00","0,00","146,05",SE,"0,77","1,11","27,65","25,20","32,00","3,19","100,23","100,00","100,45"
5/26/2021,14660820,"0,20","0,00","0,00","111,54",LSE,"1,02","1,32","28,16","25,50","33,30","3,34","100,27","100,01","100,48"
5/27/2021,16429440,"0,00","0,00","0,00","91,85",L,"1,01","1,42","28,29","25,70","33,80","3,30","100,23","99,93","100,48"
5/28/2021,10812120,"0,39","1,00","0,02","106,55",LSE,"0,72","1,05","26,78","24,20","31,60","3,15","100,15","99,89","100,36"
5/29/2021,13791960,"0,00","2,00","0,02","119,61",LSE,"0,79","1,07","26,81","24,00","33,50","3,14","100,17","99,99","100,38"
5/30/2021,12433860,"0,00","0,00","0,00","118,54",LSE,"0,68","0,92","26,49","23,30","31,90","3,09","100,24","100,00","100,46"
5/31/2021,14956440,"0,00","1,00","0,02","127,01",SE,"0,77","1,02","27,49","23,70","33,10","3,16","100,28","100,04","100,54"
6/1/2021,19592100,"0,00","0,00","0,00","132,94",SE,"0,77","1,06","28,51","24,10","34,00","3,15","100,14","99,86","100,37"
6/2/2021,14917980,"10,71","1,00","0,01","156,82",SSE,"0,71","1,02","27,12","23,40","32,20","3,08","100,18","99,94","100,36"
6/3/2021,12790380,"1,34","0,00","0,00","134,84",SE,"0,86","1,16","26,18","24,10","31,40","3,06","100,26","99,99","100,50"
6/4/2021,19055400,"3,93","0,00","0,00","145,24",SE,"0,75","1,13","27,34","23,70","32,30","3,16","100,26","99,94","100,53"
6/5/2021,11423460,"20,00","22,00","0,19","165,48",SSE,"0,60","0,89","26,17","22,80","30,90","3,10","100,24","99,99","100,59"
6/6/2021,20244000,"0,02","0,00","0,00","141,54",SE,"0,80","1,18","27,94","24,30","32,90","3,20","100,12","99,84","100,30"
6/7/2021,15077100,"0,00","0,00","0,00","159,98",SSE,"0,82","1,12","27,63","25,10","32,40","3,24","100,09","99,87","100,31"
6/8/2021,17710980,"0,00","0,00","0,00","141,03",SE,"0,81","1,09","27,93","24,40","32,60","3,13","100,16","99,90","100,39"
6/9/2021,4732560,"42,45","30,00","0,21","70,89",LNE,"1,20","1,48","25,09","23,40","29,60","3,11","100,28","100,06","100,47"
6/10/2021,11585340,"0,00","0,00","0,00","98,39",L,"0,95","1,24","26,17","22,90","31,10","3,09","100,32","100,08","100,53"
6/11/2021,10812300,"0,00","3,00","0,04","119,02",LSE,"0,70","0,93","26,36","23,50","31,90","3,09","100,35","100,08","100,57"
6/12/2021,19887000,"0,00","0,00","0,00","145,27",SE,"0,68","1,00","27,76","24,50","32,80","3,07","100,27","99,93","100,48"
6/13/2021,8406540,"0,00","0,00","0,00","86,97",L,"0,92","1,18","26,50","24,40","28,90","3,14","100,33","100,15","100,53"
6/14/2021,8222100,"5,90","2,00","0,01","85,27",L,"1,14","1,41","25,90","24,60","30,40","3,20","100,37","100,13","100,55"
6/15/2021,14029440,"16,41","2,00","0,03","115,60",LSE,"0,87","1,18","25,99","24,00","30,30","3,15","100,41","100,04","100,64"
6/16/2021,7010820,"36,86","39,00","0,25","71,11",LNE,"1,09","1,34","24,23","22,30","28,90","2,97","100,41","100,16","100,61"
6/17/2021,13918500,"0,02","0,00","0,00","109,98",LSE,"0,71","0,94","25,50","21,70","32,30","2,94","100,39","100,08","100,62"
6/18/2021,13669560,"0,00","27,00","0,17","115,68",LSE,"0,87","1,09","26,30","23,30","31,80","3,07","100,43","100,18","100,67"
6/19/2021,16117680,"0,44","0,00","0,00","155,67",SSE,"0,92","1,33","26,49","23,70","32,30","3,09","100,45","100,23","100,69"
6/20/2021,14237640,"0,00","3,00","0,03","150,22",SSE,"0,86","1,21","26,47","22,70","32,30","3,08","100,45","100,19","100,71"
6/21/2021,19679400,"0,00","0,00","0,00","145,69",SE,"0,74","1,06","27,78","23,90","32,50","3,08","100,42","100,15","100,66"
6/22/2021,19337280,"0,43","4,00","0,05","114,05",LSE,"0,75","1,02","27,91","23,80","33,00","3,08","100,39","100,09","100,62"
6/23/2021,10194360,"41,11","111,00","0,12","81,39",L,"1,26","1,53","25,25","22,10","30,20","3,06","100,44","100,18","100,67"
6/24/2021,13666800,"0,41","12,00","0,13","134,62",SE,"0,94","1,20","26,65","23,90","32,50","3,11","100,32","100,06","100,58"
6/25/2021,17827020,"0,09","0,00","0,00","147,35",SSE,"0,87","1,19","26,64","23,10","32,20","3,03","100,28","100,04","100,51"
6/26/2021,18320220,"0,00","0,00","0,00","162,49",SSE,"0,85","1,20","27,62","23,40","32,60","3,09","100,19","99,92","100,41"
6/27/2021,15765540,"0,00","0,00","0,00","151,12",SSE,"0,69","1,03","27,32","24,10","32,00","3,10","100,23","99,98","100,44"
6/28/2021,13084920,"0,00","0,00","0,00","140,37",SE,"0,76","0,97","26,53","23,90","31,80","3,03","100,41","100,16","100,60"
6/29/2021,5472540,"35,67","32,00","0,18","63,88",LNE,"1,56","2,07","24,29","21,70","26,40","2,91","100,60","100,39","100,83"
6/30/2021,17028540,"0,00","0,00","0,00","78,68",LNE,"1,49","2,18","23,67","20,50","27,70","2,38","100,64","100,36","100,86"
7/1/2021,11805540,"0,00","0,00","0,00","82,34",L,"1,23","1,69","24,64","22,30","27,80","2,50","100,63","100,43","100,84"
7/2/2021,13557840,"0,00","0,00","0,00","77,54",LNE,"1,00","1,36","26,19","24,00","29,60","2,68","100,66","100,43","100,87"
7/3/2021,4125480,"37,93","5,00","0,04","92,93",L,"0,88","1,18","22,75","20,90","25,20","2,72","100,75","100,54","101,08"
7/4/2021,13952520,"0,41","0,00","0,00","142,15",SE,"0,71","1,01","24,25","21,70","29,70","2,77","100,67","100,42","100,88"
7/5/2021,15392220,"0,00","0,00","0,00","124,81",SE,"0,77","0,98","26,12","22,30","31,40","2,88","100,63","100,32","100,87"
7/6/2021,9371580,"1,46","5,00","0,07","89,09",L,"0,99","1,28","25,28","23,50","29,00","3,02","100,56","100,26","100,77"
7/7/2021,15240060,"0,07","0,00","0,00","127,06",SE,"0,80","1,04","26,58","22,70","32,20","3,01","100,33","99,99","100,55"
7/8/2021,17293980,"2,72","9,00","0,11","106,77",LSE,"0,92","1,25","26,22","23,30","30,60","3,09","100,29","99,98","100,54"
7/9/2021,15140640,"0,00","0,00","0,00","144,29",SE,"0,81","1,08","26,87","23,80","32,40","3,08","100,26","100,02","100,44"
7/10/2021,20218320,"0,00","0,00","0,00","151,51",SSE,"0,91","1,32","27,66","23,80","32,80","3,07","100,24","99,91","100,45"
7/11/2021,10152720,"1,85","1,00","0,02","107,95",LSE,"0,88","1,21","26,05","24,10","29,50","3,11","100,28","100,00","100,50"
7/12/2021,15220440,"11,28","0,00","0,00","134,15",SE,"0,81","1,08","26,81","22,60","32,00","3,10","100,31","100,11","100,49"
7/13/2021,15105900,"9,28","118,00","0,28","111,40",LSE,"1,17","1,58","25,96","23,50","30,90","3,05","100,40","100,14","100,62"
7/14/2021,13191060,"0,00","0,00","0,00","137,57",SE,"0,72","0,96","26,51","22,90","32,10","3,02","100,35","100,05","100,58"
7/15/2021,11461440,"4,24","2,00","0,03","113,11",LSE,"0,90","1,14","26,39","23,70","32,30","3,04","100,35","100,10","100,57"
7/16/2021,15900180,"0,29","0,00","0,00","133,82",SE,"0,81","1,11","26,87","23,10","32,90","3,02","100,30","100,03","100,51"
7/17/2021,18886860,"0,00","0,00","0,00","149,59",SSE,"0,70","1,01","27,49","23,00","32,90","3,02","100,34","100,14","100,54"
7/18/2021,20685900,"0,00","0,00","0,00","158,26",SSE,"0,82","1,24","28,00","23,70","33,60","2,97","100,40","100,15","100,64"
7/19/2021,18348000,"0,00","0,00","0,00","180,39",S,"0,57","0,88","28,30","24,30","33,90","2,96","100,35","100,06","100,56"
7/20/2021,16734480,"3,20","1,00","0,01","102,47",LSE,"1,02","1,40","27,39","23,00","32,00","3,08","100,38","100,10","100,60"
7/21/2021,16119840,"55,69","42,00","0,14","104,75",LSE,"0,96","1,22","26,85","22,70","32,20","3,14","100,49","100,22","100,72"
7/22/2021,19293240,"12,14","70,00","0,25","128,70",SE,"0,96","1,31","28,00","24,00","33,10","3,14","100,51","100,19","100,74"
7/23/2021,9145680,"9,47","17,00","0,16","95,48",L,"1,09","1,31","25,77","24,10","31,70","3,15","100,41","100,10","100,63"
7/24/2021,18467880,"0,00","0,00","0,00","135,24",SE,"0,94","1,33","27,60","24,80","32,30","3,15","100,32","100,04","100,53"
7/25/2021,19083180,"0,00","0,00","0,00","144,28",SE,"0,77","1,12","27,95","23,90","32,90","2,90","100,30","100,07","100,49"
7/26/2021,15543240,"0,00","0,00","0,00","152,99",SSE,"0,62","0,86","27,85","23,60","33,10","2,88","100,28","100,07","100,50"
7/27/2021,20371380,"0,00","0,00","0,00","124,04",SE,"0,80","1,07","28,52","24,00","34,00","3,02","100,31","100,04","100,55"
7/28/2021,17414940,"0,00","0,00","0,00","147,09",SSE,"0,67","0,90","28,66","24,10","34,30","2,90","100,32","100,07","100,56"
7/29/2021,18684780,"0,00","0,00","0,00","122,69",LSE,"0,84","1,19","28,33","24,70","33,30","2,93","100,38","100,10","100,62"
7/30/2021,11029980,"2,70","0,00","0,00","142,49",SE,"0,69","1,01","24,85","22,40","27,90","2,59","100,61","100,42","100,84"
7/31/2021,16462440,"0,09","0,00","0,00","92,17",L,"0,91","1,20","26,90","22,80","31,40","2,79","100,63","100,39","100,84"
8/1/2021,10910100,"0,00","0,00","0,00","87,80",L,"0,82","1,09","26,43","23,60","31,40","2,88","100,76","100,49","101,03"
8/2/2021,10095720,"6,17","25,00","0,15","103,08",LSE,"0,98","1,36","25,02","21,80","29,80","2,85","100,71","100,43","101,00"
8/3/2021,16708320,"0,00","0,00","0,00","101,49",LSE,"0,83","1,07","27,42","22,30","33,50","2,89","100,58","100,26","100,79"
8/4/2021,16660680,"0,65","1,00","0,01","110,66",LSE,"0,92","1,26","27,08","22,30","32,90","2,91","100,59","100,27","100,79"
8/5/2021,16395660,"19,67","28,00","0,17","82,74",L,"1,13","1,58","26,02","21,20","32,40","2,98","100,63","100,34","100,84"
8/6/2021,19524540,"0,00","0,00","0,00","125,10",SE,"0,79","1,11","27,90","23,40","33,60","2,95","100,52","100,20","100,80"
8/7/2021,18098100,"0,00","0,00","0,00","119,34",LSE,"0,79","1,05","28,17","25,30","33,60","3,00","100,36","100,01","100,61"
8/8/2021,19590300,"0,00","0,00","0,00","129,78",SE,"0,81","1,12","28,39","24,00","33,90","3,04","100,30","100,02","100,49"
8/9/2021,20229900,"0,00","0,00","0,00","142,90",SE,"0,79","1,10","28,74","24,30","33,90","3,04","100,37","100,09","100,60"
8/10/2021,18862860,"0,00","0,00","0,00","137,10",SE,"0,80","1,15","28,47","24,30","33,60","3,02","100,36","100,05","100,61"
8/11/2021,19621140,"1,43","50,00","0,22","135,13",SE,"0,94","1,28","27,99","22,80","34,50","2,99","100,27","99,93","100,50"
8/12/2021,14184060,"0,00","1,00","0,01","101,88",LSE,"0,80","1,11","27,32","23,60","33,30","3,01","100,24","99,87","100,42"
8/13/2021,3559380,"43,62","99,00","0,30","88,13",L,"1,35","1,80","23,47","22,30","26,00","2,81","100,44","100,22","100,75"
8/14/2021,12848940,"0,70","0,00","0,00","168,14",SSE,"0,80","1,14","25,09","22,20","30,00","2,84","100,51","100,23","100,78"
8/15/2021,16759860,"0,00","6,00","0,05","93,41",L,"0,97","1,24","26,49","22,50","32,20","2,94","100,35","99,99","100,64"
8/16/2021,16909980,"0,00","3,00","0,02","94,24",L,"0,90","1,25","26,90","23,20","31,80","3,04","100,29","99,94","100,62"
8/17/2021,19427220,"0,00","0,00","0,00","145,99",SE,"0,73","1,01","28,22","23,50","33,80","3,12","100,21","99,95","100,42"
8/18/2021,21848820,"0,00","0,00","0,00","134,69",SE,"0,94","1,33","29,17","25,30","34,50","3,18","100,25","99,92","100,51"
8/19/2021,13409520,"0,02","22,00","0,15","96,50",L,"0,83","1,08","28,65","25,20","33,40","3,18","100,15","99,79","100,39"
8/20/2021,16225920,"0,00","6,00","0,08","108,95",LSE,"0,83","1,16","28,25","24,10","33,80","3,09","100,05","99,72","100,30"
8/21/2021,20720880,"0,00","0,00","0,00","153,52",SSE,"0,75","1,11","28,82","24,30","34,40","3,05","100,05","99,75","100,32"
8/22/2021,21414960,"0,00","0,00","0,00","168,72",SSE,"0,74","1,14","29,26","24,40","35,20","2,98","99,96","99,68","100,24"
8/23/2021,21690840,"0,00","0,00","0,00","204,63",SSO,"0,76","1,22","29,28","24,70","35,00","2,90","99,85","99,58","100,13"
8/24/2021,21577920,"0,00","0,00","0,00","209,77",SSO,"0,78","1,28","29,75","25,00","35,30","3,00","99,82","99,55","100,06"
8/25/2021,17852880,"0,00","0,00","0,00","211,27",SSO,"0,85","1,36","29,61","25,70","35,00","3,00","99,91","99,71","100,15"
8/26/2021,18978060,"0,00","1,00","0,02","207,79",SSO,"0,74","1,16","29,55","25,30","35,30","2,95","99,94","99,65","100,26"
8/27/2021,21382080,"0,00","0,00","0,00","194,79",SSO,"0,78","1,25","30,25","26,30","35,80","3,08","99,97","99,67","100,22"
8/28/2021,11937480,"0,00","4,00","0,06","137,82",SE,"0,79","1,06","27,35","24,70","33,10","3,06","100,18","99,99","100,43"
8/29/2021,17398860,"0,00","0,00","0,00","151,87",SSE,"0,88","1,18","28,11","24,40","33,10","3,21","100,24","99,90","100,56"
8/30/2021,11302260,"85,03","140,00","0,38","79,92",L,"1,34","1,68","24,81","21,60","30,70","2,95","100,22","100,00","100,44"
8/31/2021,8772120,"5,15","13,00","0,10","79,97",L,"1,03","1,26","24,64","22,60","29,50","2,98","100,26","99,98","100,49"
9/1/2021,12272700,"5,47","32,00","0,27","87,69",L,"1,14","1,44","25,63","23,10","31,10","3,05","100,35","100,06","100,56"
9/2/2021,18534240,"0,10","1,00","0,02","83,80",L,"0,92","1,17","27,06","22,60","33,20","2,98","100,28","99,95","100,50"
9/3/2021,17381640,"0,00","3,00","0,04","120,96",LSE,"0,98","1,31","27,76","24,30","34,50","3,10","100,22","99,80","100,49"
9/4/2021,15458580,"0,00","3,00","0,05","136,93",SE,"0,80","1,12","27,38","23,20","32,50","3,04","100,10","99,77","100,36"
9/5/2021,17172420,"0,60","16,00","0,11","171,89",S,"0,96","1,37","27,35","24,40","33,50","3,11","100,13","99,73","100,45"
9/6/2021,20759880,"0,02","0,00","0,00","159,54",SSE,"0,84","1,20","28,18","23,20","34,00","3,06","100,17","99,92","100,46"
9/7/2021,21846540,"0,00","0,00","0,00","154,90",SSE,"0,72","1,08","29,30","24,20","35,40","2,99","100,11","99,86","100,38"
9/8/2021,15844020,"1,96","6,00","0,06","139,47",SE,"0,87","1,18","28,37","24,60","35,40","3,17","100,13","99,83","100,44"
9/9/2021,14136120,"13,37","68,00","0,28","120,82",LSE,"0,89","1,19","26,91","22,70","31,60","3,11","100,21","99,90","100,59"
9/10/2021,19895460,"0,00","0,00","0,00","123,13",LSE,"1,12","1,50","28,31","25,30","33,70","3,20","100,24","99,92","100,55"
9/11/2021,19606920,"0,00","0,00","0,00","134,92",SE,"1,03","1,36","28,67","25,00","34,50","3,14","100,29","100,02","100,58"
9/12/2021,17487480,"1,00","0,00","0,00","148,21",SSE,"0,66","0,90","28,83","24,40","34,00","3,04","100,33","100,03","100,62"
9/13/2021,18171900,"0,00","0,00","0,00","136,96",SE,"0,82","1,12","28,49","25,00","34,50","3,06","100,29","99,98","100,58"
9/14/2021,20733420,"0,00","0,00","0,00","147,26",SSE,"0,81","1,12","28,80","23,40","34,70","3,00","100,23","99,87","100,51"
9/15/2021,21571680,"0,00","0,00","0,00","146,79",SSE,"0,88","1,27","28,99","24,80","34,30","3,08","100,32","100,03","100,59"
9/16/2021,17596080,"0,02","27,00","0,24","119,80",LSE,"0,97","1,38","27,19","24,00","33,30","2,90","100,41","100,07","100,74"
9/17/2021,16743660,"0,00","5,00","0,05","114,63",LSE,"0,87","1,22","26,58","23,30","32,50","2,89","100,35","99,98","100,69"
9/18/2021,7993380,"15,40","102,00","0,48","88,43",L,"1,01","1,25","25,34","22,40","28,70","3,00","100,27","99,92","100,60"
9/19/2021,15773100,"0,85","12,00","0,10","96,63",L,"1,06","1,33","26,13","23,30","32,60","3,01","100,19","99,92","100,50"
9/20/2021,16255920,"0,09","24,00","0,14","117,65",LSE,"0,89","1,17","27,01","22,90","33,50","3,03","100,18","99,91","100,48"
9/21/2021,16962540,"0,00","0,00","0,00","149,29",SSE,"0,89","1,22","28,08","24,60","33,80","3,23","100,11","99,85","100,44"
9/22/2021,20431800,"0,00","0,00","0,00","158,65",SSE,"0,89","1,24","29,25","25,40","34,70","3,22","100,03","99,63","100,34"
9/23/2021,15191760,"0,00","25,00","0,18","119,52",LSE,"0,91","1,23","27,32","24,20","34,20","3,06","100,13","99,92","100,43"
9/24/2021,16272000,"0,00","10,00","0,14","135,44",SE,"0,78","1,07","27,73","23,30","32,90","2,96","100,32","100,09","100,63"
9/25/2021,14613480,"0,00","15,00","0,11","96,72",L,"0,96","1,31","27,92","24,70","34,00","3,19","100,37","100,04","100,62"
9/26/2021,13878360,"0,00","3,00","0,02","99,58",L,"0,82","1,11","26,40","23,70","32,00","2,89","100,37","100,10","100,65"
9/27/2021,8764380,"15,72","13,00","0,15","76,24",LNE,"1,10","1,35","25,16","22,70","31,10","3,01","100,38","100,08","100,69"
9/28/2021,16095840,"0,00","2,00","0,04","120,26",LSE,"0,89","1,21","26,61","23,50","33,30","3,01","100,23","99,87","100,61"
9/29/2021,9154020,"0,36","26,00","0,17","124,23",SE,"0,96","1,26","25,22","23,20","32,00","2,90","100,16","99,83","100,54"
9/30/2021,20759040,"0,07","56,00","0,28","134,84",SE,"0,99","1,35","27,39","23,10","34,50","3,02","100,08","99,69","100,41"
10/1/2021,15599160,"2,82","2,00","0,03","125,17",SE,"1,27","1,67","26,61","24,00","33,30","3,00","100,07","99,77","100,36"
10/2/2021,12554940,"38,92","86,00","0,21","107,07",LSE,"0,95","1,24","25,70","23,30","31,90","3,06","100,04","99,69","100,36"
10/3/2021,17906220,"0,02","0,00","0,00","190,27",S,"0,80","1,21","26,97","23,40","32,60","3,06","99,93","99,63","100,21"
10/4/2021,20897520,"0,00","0,00","0,00","164,58",SSE,"0,98","1,45","28,11","24,60","34,00","3,09","99,91","99,62","100,22"
10/5/2021,18963900,"0,00","0,00","0,00","201,73",SSO,"0,99","1,58","29,07","25,50","33,80","3,09","99,94","99,64","100,14"
10/6/2021,20398440,"0,00","0,00","0,00","141,08",SE,"0,77","1,12","29,20","24,20","35,00","2,85","99,99","99,70","100,29"
10/7/2021,8899800,"0,88","63,00","0,22","102,88",LSE,"1,08","1,33","27,41","25,20","33,60","3,17","99,93","99,66","100,17"
10/8/2021,10879680,"0,00","5,00","0,04","87,08",L,"1,19","1,54","27,04","24,30","30,90","3,14","100,03","99,81","100,34"
10/9/2021,13900080,"0,00","1,00","0,01","135,04",SE,"0,92","1,17","27,68","24,30","33,20","3,17","100,06","99,85","100,41"
10/10/2021,20619000,"0,00","0,00","0,00","146,41",SSE,"0,85","1,15","28,87","23,70","35,10","3,07","100,02","99,71","100,33"
10/11/2021,20750700,"0,00","1,00","0,02","170,59",S,"0,89","1,30","29,06","25,20","34,90","3,13","100,05","99,75","100,36"
10/12/2021,16633500,"0,00","0,00","0,00","157,27",SSE,"0,67","0,90","29,26","24,60","34,90","3,11","100,06","99,73","100,41"
10/13/2021,16213500,"6,98","7,00","0,05","107,73",LSE,"0,90","1,17","28,59","24,90","35,10","3,14","99,97","99,72","100,29"
10/14/2021,21231360,"0,02","0,00","0,00","189,18",S,"0,78","1,11","29,79","24,20","37,10","3,10","99,85","99,66","100,13"
10/15/2021,21639000,"0,00","0,00","0,00","199,32",SSO,"0,83","1,34","30,43","26,10","35,60","3,14","99,97","99,73","100,32"
10/16/2021,21363000,"0,00","0,00","0,00","202,38",SSO,"0,79","1,27","30,22","26,30","35,50","3,00","100,01","99,72","100,36"
10/17/2021,6806040,"0,00","0,00","0,00","109,60",LSE,"0,96","1,28","26,46","23,80","31,50","3,07","100,19","99,97","100,45"
10/18/2021,13006320,"0,29","0,00","0,00","120,49",LSE,"0,79","1,09","26,17","23,40","31,40","2,88","100,26","99,93","100,65"
10/19/2021,19757160,"0,00","0,00","0,00","111,18",LSE,"0,88","1,21","28,03","24,10","34,70","2,99","100,25","99,88","100,57"
10/20/2021,16208100,"0,22","5,00","0,06","115,23",LSE,"0,87","1,15","28,31","24,50","34,50","3,17","100,18","99,83","100,49"
10/21/2021,3566460,"112,63","42,00","0,24","78,89",L,"0,93","1,18","24,14","21,80","27,80","2,90","100,21","99,98","100,54"
10/22/2021,17711220,"17,20","53,00","0,24","116,60",LSE,"0,91","1,28","25,85","21,50","33,10","2,95","100,11","99,76","100,37"
10/23/2021,13962960,"11,86","35,00","0,16","87,53",L,"1,20","1,56","25,72","22,90","32,60","3,06","100,09","99,80","100,51"
10/24/2021,22325400,"0,05","5,00","0,05","152,19",SSE,"0,98","1,45","28,25","24,10","34,80","3,12","100,08","99,78","100,33"
10/25/2021,18844740,"27,25","28,00","0,18","147,66",SSE,"1,00","1,58","28,28","24,20","33,60","3,18","100,17","99,80","100,46"
10/26/2021,13420380,"1,02","0,00","0,00","58,86",LNE,"0,90","1,13","27,09","23,70","31,80","3,25","100,23","99,83","100,56"
10/27/2021,5736300,"12,46","56,00","0,51","78,15",LNE,"1,50","1,88","25,13","23,00","29,50","3,07","100,29","100,01","100,54"
10/28/2021,13168860,"0,09","0,00","0,00","85,95",L,"0,93","1,15","26,57","22,30","32,70","3,08","100,38","100,05","100,69"
10/29/2021,18239820,"0,00","20,00","0,21","110,99",LSE,"1,02","1,32","27,79","24,40","33,60","3,12","100,23","99,87","100,58"
10/30/2021,18763140,"0,00","0,00","0,00","109,08",LSE,"0,92","1,20","28,80","23,70","35,20","3,11","100,05","99,71","100,39"
10/31/2021,19614120,"0,00","0,00","0,00","159,75",SSE,"0,80","1,12","29,05","25,20","35,60","3,05","100,06","99,65","100,39"
11/1/2021,9707400,"48,24","167,00","0,34","84,15",L,"1,00","1,26","25,90","23,30","32,90","3,05","100,13","99,89","100,38"
11/2/2021,13298940,"0,20","2,00","0,03","98,28",L,"0,63","0,89","25,81","23,30","31,50","3,11","100,12","99,81","100,46"
11/3/2021,20541900,"0,00","0,00","0,00","119,46",LSE,"0,94","1,27","28,32","24,20","33,80","3,02","100,02","99,69","100,37"
11/4/2021,13729800,"0,02","22,00","0,10","125,62",SE,"0,95","1,29","26,81","24,60","33,70","3,14","99,98","99,67","100,32"
11/5/2021,19634040,"0,00","0,00","0,00","151,63",SSE,"0,83","1,17","29,03","23,50","34,70","3,07","99,96","99,63","100,26"
11/6/2021,11403480,"14,49","25,00","0,20","88,26",L,"1,42","1,74","25,93","22,70","32,50","3,11","100,10","99,81","100,35"
11/7/2021,18091260,"0,09","0,00","0,00","111,01",LSE,"1,01","1,32","27,41","23,20","33,20","3,07","100,10","99,72","100,41"
11/8/2021,8151960,"0,12","35,00","0,16","77,50",LNE,"1,20","1,56","26,26","24,40","31,90","3,11","100,11","99,85","100,36"
11/9/2021,9480720,"5,39","3,00","0,04","90,19",L,"0,96","1,22","25,88","24,20","31,40","3,12","100,15","99,84","100,48"
11/10/2021,16000320,"0,00","1,00","0,02","155,98",SSE,"0,82","1,20","26,95","23,80","33,00","3,12","100,01","99,63","100,29"
11/11/2021,4759500,"1,46","10,00","0,09","81,78",L,"0,93","1,18","25,55","24,30","27,10","3,08","100,11","99,86","100,34"
11/12/2021,20015100,"0,75","0,00","0,00","146,12",SE,"0,97","1,34","26,71","23,70","33,50","3,10","100,10","99,75","100,41"
11/13/2021,12027540,"3,40","6,00","0,09","79,48",L,"1,21","1,50","26,97","24,60","31,40","3,26","100,00","99,69","100,30"
11/14/2021,14037600,"0,46","29,00","0,20","100,51",L,"0,94","1,18","27,63","24,70","32,90","3,28","99,96","99,58","100,27"
11/15/2021,13488120,"24,37","132,00","0,25","103,56",LSE,"1,08","1,34","27,05","24,50","33,80","3,26","99,91","99,54","100,20"
11/16/2021,14159700,"56,80","75,00","0,39","105,77",LSE,"1,01","1,42","25,37","23,60","32,00","3,11","99,94","99,64","100,16"
11/17/2021,3986250,"1,19","0,00","0,00","87,28",L,"1,02","1,34","25,10","23,80","30,80","3,11","99,94","99,65","100,19"
11/18/2021,941964,"20,66","0,00","0,00","113,50",LSE,"0,84","1,45","24,18","23,20","25,70","3,00","100,07","99,68","100,40"
11/19/2021,2591484,"1,19","12,00","0,48","84,95",L,"0,94","1,40","26,35","24,00","30,80","3,22","100,03","99,70","100,27"
11/20/2021,3102972,"33,32","122,00","0,94","75,66",LNE,"1,39","2,30","26,10","21,80","30,80","3,11","100,05","99,74","100,31"
11/21/2021,2602608,"4,45","2,00","0,18","69,78",LNE,"1,36","2,03","25,72","22,50","30,00","3,05","100,08","99,73","100,37"
11/22/2021,2614668,"20,83","37,00","0,54","82,43",L,"1,18","1,79","25,76","23,60","32,10","3,11","100,05","99,83","100,34"
11/23/2021,3671724,"0,07","0,00","0,00","108,53",LSE,"1,05","1,68","26,76","22,90","32,40","3,14","100,06","99,74","100,36"
11/24/2021,4185288,"0,00","0,00","0,00","161,16",SSE,"0,95","1,64","28,58","24,40","33,80","3,18","100,00","99,69","100,33"
11/25/2021,3339180,"0,00","4,00","0,39","118,15",LSE,"0,88","1,41","28,31","25,00","32,90","3,14","100,02","99,76","100,29"
11/26/2021,1199028,"25,52","58,00","0,86","95,97",L,"1,22","1,65","25,01","23,10","29,60","3,09","100,05","99,79","100,32"
11/27/2021,2039016,"15,02","41,00","0,37","91,11",L,"1,00","1,42","25,05","23,10","31,40","3,11","100,06","99,76","100,33"
11/28/2021,2512164,"0,72","4,00","0,13","102,44",LSE,"0,96","1,45","26,44","24,10","31,10","3,09","100,02","99,72","100,29"
11/29/2021,3506172,"0,02","5,00","0,19","147,88",SSE,"1,06","1,95","26,81","24,80","31,40","3,13","99,95","99,57","100,25"
11/30/2021,2966580,"0,00","0,00","0,00","155,75",SSE,"0,97","1,54","27,49","24,50","32,50","3,15","99,93","99,61","100,25"
12/1/2021,2826960,"0,77","3,00","0,14","117,58",LSE,"1,05","1,66","27,98","24,90","32,60","3,23","99,99","99,71","100,27"
12/2/2021,3322320,"0,09","0,00","0,00","124,44",SE,"1,08","1,89","26,43","24,40","31,60","3,25","100,08","99,76","100,39"
12/3/2021,1747596,"1,26","84,00","0,50","95,77",L,"1,06","1,59","25,66","24,30","30,50","3,16","100,01","99,77","100,19"
12/4/2021,2327808,"8,86","5,00","0,37","114,50",LSE,"0,95","1,48","25,67","23,50","31,60","3,25","100,10","99,83","100,38"
12/5/2021,2448888,"10,10","4,00","0,18","150,49",SSE,"0,76","1,33","25,91","23,70","29,70","3,21","100,13","99,79","100,41"
12/6/2021,1659768,"11,71","1,00","0,09","85,99",L,"1,27","1,84","25,82","24,30","28,00","3,27","100,17","99,86","100,42"
12/7/2021,564744,"8,71","0,00","0,00","91,07",L,"1,43","2,23","23,74","22,40","26,20","3,12","100,20","100,06","100,37"
12/8/2021,,,"0,00",,,,,,,,,,,,
12/9/2021,,,"0,00",,,,,,,,,,,,
12/10/2021,,,"0,00",,,,,,,,,,,,
12/11/2021,,,"0,00",,,,,,,,,,,,
12/12/2021,,,"0,00",,,,,,,,,,,,
12/13/2021,,,"0,00",,,,,,,,,,,,
12/14/2021,,,"0,00",,,,,,,,,,,,
12/15/2021,,,"0,00",,,,,,,,,,,,
12/16/2021,,,"0,00",,,,,,,,,,,,
12/17/2021,,,"0,00",,,,,,,,,,,,
12/18/2021,,,"0,00",,,,,,,,,,,,
12/19/2021,,,"0,00",,,,,,,,,,,,
12/20/2021,,,"0,00",,,,,,,,,,,,
12/21/2021,,,"0,00",,,,,,,,,,,,
12/22/2021,,,"0,00",,,,,,,,,,,,
12/23/2021,,,"0,00",,,,,,,,,,,,
12/24/2021,,,"0,00",,,,,,,,,,,,
12/25/2021,,,"0,00",,,,,,,,,,,,
12/26/2021,,,"0,00",,,,,,,,,,,,
12/27/2021,,,"0,00",,,,,,,,,,,,
12/28/2021,,,"0,00",,,,,,,,,,,,
12/29/2021,,,"0,00",,,,,,,,,,,,
12/30/2021,,,"0,00",,,,,,,,,,,,
12/31/2021,,,"0,00",,,,,,,,,,,,
1/1/2022,,,"0,00",,,,,,,,,,,,
1/2/2022,,,"0,00",,,,,,,,,,,,
1/3/2022,,,"0,00",,,,,,,,,,,,
1/4/2022,,,"0,00",,,,,,,,,,,,
1/5/2022,,,"0,00",,,,,,,,,,,,
1/6/2022,,,"0,00",,,,,,,,,,,,
1/7/2022,,,"0,00",,,,,,,,,,,,
1/8/2022,,,"0,00",,,,,,,,,,,,
1/9/2022,,,"0,00",,,,,,,,,,,,
1/10/2022,,,"0,00",,,,,,,,,,,,
1/11/2022,,,"0,00",,,,,,,,,,,,
1/12/2022,,,"0,00",,,,,,,,,,,,
1/13/2022,,,"0,00",,,,,,,,,,,,
1/14/2022,,,"0,00",,,,,,,,,,,,
1/15/2022,,,"0,00",,,,,,,,,,,,
1/16/2022,,,"0,00",,,,,,,,,,,,
1/17/2022,,,"0,00",,,,,,,,,,,,
1/18/2022,,,"0,00",,,,,,,,,,,,
1/19/2022,,,"0,00",,,,,,,,,,,,
1/20/2022,,,"0,00",,,,,,,,,,,,
1/21/2022,,,"0,00",,,,,,,,,,,,
1/22/2022,,,"0,00",,,,,,,,,,,,
1/23/2022,,,"0,00",,,,,,,,,,,,
1/24/2022,,,"0,00",,,,,,,,,,,,
1/25/2022,,,"0,00",,,,,,,,,,,,
1/26/2022,,,"0,00",,,,,,,,,,,,
1/27/2022,,,"0,00",,,,,,,,,,,,
1/28/2022,,,"0,00",,,,,,,,,,,,
1/29/2022,,,"0,00",,,,,,,,,,,,
1/30/2022,,,"0,00",,,,,,,,,,,,
1/31/2022,,,"0,00",,,,,,,,,,,,
2/1/2022,,,"0,00",,,,,,,,,,,,
2/2/2022,,,"0,00",,,,,,,,,,,,
2/3/2022,,,"0,00",,,,,,,,,,,,
2/4/2022,,,"0,00",,,,,,,,,,,,
2/5/2022,,,"0,00",,,,,,,,,,,,
2/6/2022,,,"0,00",,,,,,,,,,,,
2/7/2022,,,"0,00",,,,,,,,,,,,
2/8/2022,,,"0,00",,,,,,,,,,,,
2/9/2022,,,"0,00",,,,,,,,,,,,
2/10/2022,,,"0,00",,,,,,,,,,,,
2/11/2022,,,"0,00",,,,,,,,,,,,
2/12/2022,,,"0,00",,,,,,,,,,,,
2/13/2022,,,"0,00",,,,,,,,,,,,
2/14/2022,,,"0,00",,,,,,,,,,,,
2/15/2022,,,"0,00",,,,,,,,,,,,
2/16/2022,2753694,"0,10","0,00","0,00","194,60",SSO,"0,96","1,80","27,83","25,00","31,90","3,19","100,20","99,91","100,52"
2/17/2022,2384604,"30,30","1,00","0,06","102,83",LSE,"1,16","1,94","25,39","23,40","30,30","3,11","100,15","99,92","100,36"
2/18/2022,1073028,"77,80","0,00","0,00","103,19",LSE,"0,91","1,51","23,77","22,80","26,50","2,93","100,12","99,90","100,35"
2/19/2022,1697736,"1,72","0,00","0,00","109,28",LSE,"0,70","1,09","24,80","22,50","27,60","2,99","100,10","99,78","100,41"
2/20/2022,2395440,"0,65","0,00","0,00","161,95",SSE,"1,02","1,86","25,73","23,70","29,70","3,12","100,09","99,79","100,31"
2/21/2022,4055352,"0,07","0,00","0,00","157,87",SSE,"1,04","2,01","27,25","23,70","31,70","3,19","100,06","99,75","100,32"
2/22/2022,2020956,"0,00","9,00","0,38","95,80",L,"1,09","1,68","26,39","24,80","31,70","3,23","100,05","99,67","100,34"
2/23/2022,967704,"23,66","0,00","0,00","103,39",LSE,"1,26","1,89","24,42","22,60","26,30","2,99","100,11","99,80","100,50"
2/24/2022,3208608,"0,00","0,00","0,00","115,97",LSE,"0,89","1,54","26,46","22,50","32,30","3,13","100,07","99,67","100,36"
2/25/2022,2658912,"0,00","1,00","0,07","145,71",SE,"0,80","1,49","26,72","24,40","31,50","3,16","100,15","99,89","100,40"
2/26/2022,1962000,"11,40","4,00","0,23","116,14",LSE,"1,02","1,57","25,86","23,20","31,10","3,15","100,18","99,88","100,53"
2/27/2022,1973280,"16,42","22,00","0,32","75,97",LNE,"1,25","1,75","25,70","23,30","30,50","3,18","100,08","99,68","100,41"
2/28/2022,2030664,"3,66","1,00","0,11","79,74",L,"1,24","1,90","24,91","22,90","29,30","3,04","100,11","99,83","100,39"
3/1/2022,2601132,"29,20","2,00","0,18","97,40",L,"1,34","1,98","24,94","22,30","31,50","3,00","100,17","99,94","100,47"
3/2/2022,2502576,"0,82","0,00","0,00","134,32",SE,"1,03","1,70","25,29","22,70","29,80","3,08","100,13","99,82","100,53"
3/3/2022,3857820,"0,00","0,00","0,00","137,48",SE,"1,21","2,04","26,87","23,90","31,70","3,17","100,08","99,75","100,37"
3/4/2022,2727948,"0,66","2,00","0,17","111,64",LSE,"1,14","1,76","25,89","23,10","31,10","3,09","100,08","99,79","100,36"
3/5/2022,1886964,"0,66","1,00","0,08","136,16",SE,"1,02","1,79","25,77","23,90","28,20","3,13","100,05","99,73","100,32"
3/6/2022,3090720,"0,00","0,00","0,00","140,52",SE,"0,72","1,33","26,42","22,70","31,60","3,02","100,01","99,63","100,36"
3/7/2022,732972,"27,70","5,00","0,30","87,50",L,"1,10","1,72","24,69","22,80","27,90","3,03","99,98","99,75","100,25"
3/8/2022,1768128,"1,60","11,00","0,45","77,68",LNE,"1,17","1,84","24,88","22,80","29,70","3,04","100,07","99,84","100,31"
3/9/2022,1310292,"13,28","0,00","0,00","73,66",LNE,"0,97","1,36","24,72","23,20","27,70","3,07","100,12","99,90","100,42"
3/10/2022,1693008,"4,31","6,00","0,27","92,02",L,"0,83","1,27","24,84","23,60","30,70","3,05","100,17","99,86","100,49"
3/11/2022,2279196,"1,48","6,00","0,23","125,76",SE,"0,92","1,53","25,43","23,30","30,80","3,13","100,09","99,82","100,39"
3/12/2022,3956472,"0,07","0,00","0,00","144,90",SE,"1,03","1,76","27,51","23,70","32,60","3,25","100,02","99,64","100,26"
3/13/2022,2843652,"34,00","35,00","1,06","89,15",L,"1,45","2,32","25,97","23,30","32,40","3,15","100,11","99,86","100,36"
3/14/2022,1435140,"15,57","0,00","0,00","71,80",LNE,"1,15","1,58","24,09","22,90","27,30","2,96","100,21","100,04","100,52"
3/15/2022,2763972,"0,94","0,00","0,00","99,89",L,"0,99","1,46","25,90","22,90","30,60","3,07","100,12","99,78","100,43"
3/16/2022,1687404,"6,57","6,00","0,19","86,36",L,"1,14","1,74","25,18","23,60","31,00","3,09","100,08","99,83","100,33"
3/17/2022,2559144,"1,48","1,00","0,06","83,48",L,"1,10","1,96","25,74","23,40","31,20","3,06","100,13","99,80","100,45"
3/18/2022,3077040,"0,60","3,00","0,13","107,70",LSE,"0,92","1,50","27,09","24,00","32,00","3,25","100,14","99,75","100,47"
3/19/2022,1987548,"18,75","6,00","0,36","114,17",LSE,"0,90","1,54","25,48","23,60","28,70","3,15","100,14","99,74","100,44"
3/20/2022,1316412,"27,05","14,00","0,26","82,60",L,"1,25","1,78","24,28","22,60","30,80","2,96","100,14","99,84","100,37"
3/21/2022,2143554,"0,12","0,00","0,00","90,18",L,"0,98","1,53","24,61","22,40","29,20","2,97","100,13","99,79","100,43"
3/22/2022,3817524,"0,71","0,00","0,00","112,52",LSE,"0,93","1,67","27,15","23,30","33,10","3,15","100,06","99,66","100,34"
3/23/2022,2779512,"13,57","26,00","0,38","112,57",LSE,"0,95","1,60","26,36","23,70","32,50","3,17","100,06","99,73","100,38"
3/24/2022,2269548,"2,82","2,00","0,07","110,46",LSE,"0,99","1,59","25,27","23,30","30,30","3,09","100,07","99,72","100,37"
3/25/2022,2588196,"18,04","17,00","0,42","124,97",SE,"1,06","1,69","25,64","23,00","30,20","3,11","100,00","99,63","100,28"
3/26/2022,1808208,"3,62","15,00","0,67","86,28",L,"0,97","1,45","26,07","24,10","31,20","3,22","99,96","99,63","100,23"
3/27/2022,2518716,"4,35","3,00","0,17","136,48",SE,"1,04","1,60","26,28","24,00","30,30","3,22","100,08","99,84","100,38"
3/28/2022,643428,"20,57","1,00","0,02","86,88",L,"0,99","1,41","23,92","22,30","25,60","2,96","100,23","99,90","100,60"
3/29/2022,919620,"24,11","0,00","0,00","86,86",L,"0,87","1,41","23,66","22,80","25,40","2,93","100,24","99,97","100,55"
3/30/2022,1351356,"12,77","5,00","0,16","87,67",L,"0,82","1,25","24,33","23,00","27,40","3,03","100,16","99,92","100,37"
3/31/2022,2067804,"7,21","0,00","0,00","120,12",LSE,"0,83","1,42","25,53","24,10","29,70","3,17","100,16","99,87","100,39"
4/1/2022,4004088,"1,50","4,00","0,10","150,02",SSE,"1,07","1,98","27,09","23,90","32,90","3,19","100,13","99,74","100,43"
4/2/2022,1108884,"44,41","6,00","0,20","48,84",NE,"1,84","2,49","24,50","23,30","26,30","3,07","100,28","100,04","100,52"
4/3/2022,3390600,"0,03","0,00","0,00","63,62",LNE,"1,86","2,43","25,88","23,00","30,70","3,14","100,18","99,91","100,47"
4/4/2022,3099504,"0,07","0,00","0,00","112,01",LSE,"0,98","1,48","26,29","22,90","30,90","3,13","100,17","99,83","100,47"
4/5/2022,2634744,"7,07","2,00","0,14","95,65",L,"1,18","1,74","26,01","24,30","31,70","3,21","100,16","99,79","100,38"
4/6/2022,1095192,"11,41","0,00","0,00","64,73",LNE,"0,99","1,37","24,51","23,50","26,70","3,05","100,17","99,90","100,51"
4/7/2022,2794704,"0,09","3,00","0,18","114,11",LSE,"0,92","1,37","26,49","23,30","32,00","3,24","100,06","99,70","100,39"
4/8/2022,1019412,"8,11","8,00","0,27","34,09",NE,"0,67","0,91","24,56","22,40","27,90","3,07","100,15","99,85","100,40"
4/9/2022,2596632,"29,37","0,00","0,00","66,05",LNE,"0,40","0,65","24,62","22,60","28,30","3,00","100,19","99,91","100,59"
4/10/2022,1265616,"16,12","6,00","0,22","136,06",SE,"0,97","1,53","24,07","22,50","28,10","2,97","100,12","99,85","100,43"
4/11/2022,2714076,"2,75","1,00","0,08","87,69",L,"0,81","1,26","26,49","23,50","32,00","3,24","100,05","99,72","100,33"
4/12/2022,1158972,"9,66","0,00","0,00","111,45",LSE,"0,91","1,48","24,98","24,00","26,60","3,14","100,09","99,83","100,39"
4/13/2022,3753600,"0,39","0,00","0,00","164,77",SSE,"0,90","1,58","26,90","23,20","31,70","3,23","99,97","99,65","100,26"
4/14/2022,1126536,"5,71","11,00","0,49","69,09",LNE,"1,29","1,83","25,49","23,10","27,00","3,25","100,07","99,86","100,37"
4/15/2022,,,"0,00",,,,,,,,,,,,
4/16/2022,,,"0,00",,,,,,,,,,,,
4/17/2022,,,"0,00",,,,,,,,,,,,
4/18/2022,,,"0,00",,,,,,,,,,,,
4/19/2022,,,"0,00",,,,,,,,,,,,
4/20/2022,,,"0,00",,,,,,,,,,,,
4/21/2022,,,"0,00",,,,,,,,,,,,
4/22/2022,,,"0,00",,,,,,,,,,,,
4/23/2022,,,"0,00",,,,,,,,,,,,
4/24/2022,,,"0,00",,,,,,,,,,,,
4/25/2022,,,"0,00",,,,,,,,,,,,
4/26/2022,,,"0,00",,,,,,,,,,,,
4/27/2022,,,"0,00",,,,,,,,,,,,
4/28/2022,,,"0,00",,,,,,,,,,,,
4/29/2022,,,"0,00",,,,,,,,,,,,
4/30/2022,,,"0,00",,,,,,,,,,,,
5/1/2022,,,"0,00",,,,,,,,,,,,
5/2/2022,,,"0,00",,,,,,,,,,,,
5/3/2022,,,"0,00",,,,,,,,,,,,
5/4/2022,,,"0,00",,,,,,,,,,,,
5/5/2022,,,"0,00",,,,,,,,,,,,
5/6/2022,,,"0,00",,,,,,,,,,,,
5/7/2022,,,"0,00",,,,,,,,,,,,
5/8/2022,,,"0,00",,,,,,,,,,,,
5/9/2022,,,"0,00",,,,,,,,,,,,
5/10/2022,,,"0,00",,,,,,,,,,,,
5/11/2022,,,"0,00",,,,,,,,,,,,
5/12/2022,,,"0,00",,,,,,,,,,,,
5/13/2022,,,"0,00",,,,,,,,,,,,
5/14/2022,,,"0,00",,,,,,,,,,,,
5/15/2022,,,"0,00",,,,,,,,,,,,
5/16/2022,,,"0,00",,,,,,,,,,,,
5/17/2022,,,"0,00",,,,,,,,,,,,
5/18/2022,,,"0,00",,,,,,,,,,,,
5/19/2022,,,"0,00",,,,,,,,,,,,
5/20/2022,,,"0,00",,,,,,,,,,,,
5/21/2022,,,"0,00",,,,,,,,,,,,
5/22/2022,,,"0,00",,,,,,,,,,,,
5/23/2022,,,"0,00",,,,,,,,,,,,
5/24/2022,,,"0,00",,,,,,,,,,,,
5/25/2022,,,"0,00",,,,,,,,,,,,
5/26/2022,3429084,"0,00","0,00","0,00","220,19",SO,"0,85","2,06","29,82","26,90","32,60","3,17","100,25","99,98","100,52"
5/27/2022,3543840,"0,00","0,00","0,00","158,33",SSE,"0,71","1,44","28,26","25,40","32,80","3,21","100,22","99,96","100,48"
5/28/2022,3303624,"0,00","0,00","0,00","155,09",SSE,"0,88","1,59","27,83","24,40","31,80","3,23","100,15","99,88","100,44"
5/29/2022,1655724,"1,62","1,00","0,08","100,68",L,"1,11","1,67","25,70","23,60","29,10","3,19","100,12","99,85","100,38"
5/30/2022,3056376,"0,24","0,00","0,00","100,22",L,"1,03","1,57","26,85","23,80","31,80","3,22","100,08","99,74","100,34"
5/31/2022,2200752,"0,07","2,00","0,12","103,80",LSE,"1,00","1,62","25,96","23,10","29,80","3,16","100,06","99,84","100,28"
6/1/2022,159450,"18,41","2,00","0,41","71,91",LNE,"1,26","2,28","24,08","22,50","27,10","2,96","100,14","99,93","100,40"
6/2/2022,267510,"0,02","0,00","0,00","70,75",LNE,"1,04","2,41","26,10","23,40","31,00","3,13","100,21","99,98","100,39"
6/3/2022,265416,"16,32","4,00","0,67","142,58",SE,"0,93","2,27","26,85","23,60","31,20","3,21","100,21","99,94","100,42"
6/4/2022,111360,"43,43","13,00","2,92","73,58",LNE,"1,73","2,87","24,48","23,70","27,20","3,06","100,26","100,04","100,44"
6/5/2022,107610,"8,28","2,00","1,29","63,29",LNE,"1,59","3,12","23,93","22,20","26,30","2,95","100,32","100,13","100,57"
6/6/2022,173004,"1,83","3,00","2,00","112,25",LSE,"0,92","2,02","24,02","22,50","28,90","2,93","100,31","100,17","100,53"
6/7/2022,277506,"0,07","0,00","0,00","91,50",L,"0,80","1,99","25,96","22,20","30,60","3,03","100,18","99,92","100,40"
6/8/2022,187380,"0,00","2,00","0,83","147,25",SSE,"1,02","2,37","25,48","23,40","30,70","3,05","100,18","99,92","100,43"
6/9/2022,283506,"1,31","1,00","1,29","136,92",SE,"1,01","2,47","26,54","23,00","31,00","3,12","100,18","99,89","100,44"
6/10/2022,303354,"0,02","0,00","0,00","150,38",SSE,"0,90","2,42","27,00","24,00","31,00","3,18","100,20","99,82","100,45"
6/11/2022,60504,"41,35","0,00","0,00","38,38",NE,"1,15","2,26","23,85","22,70","25,00","2,89","100,37","100,20","100,55"
6/12/2022,154410,"0,39","0,00","0,00","63,38",LNE,"1,46","3,47","25,20","23,60","27,90","2,97","100,45","100,26","100,64"
6/13/2022,179616,"26,77","0,00","0,00","61,08",LNE,"1,60","3,58","24,29","22,50","27,00","2,90","100,54","100,34","100,74"
6/14/2022,274392,"0,15","0,00","0,00","65,67",LNE,"1,19","2,39","25,83","22,50","29,80","3,03","100,37","100,08","100,58"
6/15/2022,256116,"0,65","0,00","0,00","152,08",SSE,"1,02","2,54","25,69","23,50","29,90","3,06","100,35","100,12","100,53"
6/16/2022,316812,"0,00","0,00","0,00","146,00",SE,"0,99","2,20","26,53","22,90","30,90","3,07","100,33","100,06","100,54"
6/17/2022,343464,"0,05","0,00","0,00","86,08",L,"0,85","1,91","26,74","22,50","31,80","2,86","100,21","100,01","100,40"
6/18/2022,329658,"0,00","0,00","0,00","126,13",SE,"0,88","2,15","27,20","22,50","31,90","3,01","100,21","100,04","100,39"
6/19/2022,230970,"6,03","46,00","0,92","128,67",SE,"1,00","2,64","26,64","22,80","29,60","3,16","100,23","100,03","100,44"
6/20/2022,229122,"12,82","30,00","2,17","91,00",L,"0,96","2,13","25,96","22,50","31,30","3,10","100,27","100,03","100,49"
6/21/2022,209952,"13,46","19,00","1,13","70,75",LNE,"1,20","2,60","25,43","22,30","30,30","3,07","100,28","100,09","100,49"
6/22/2022,258726,"0,00","0,00","0,00","78,58",LNE,"1,13","2,47","26,07","23,20","30,10","3,09","100,23","99,97","100,41"
6/23/2022,243582,"0,31","0,00","0,00","152,88",SSE,"0,87","2,03","26,57","23,70","30,40","3,13","100,18","99,94","100,42"
6/24/2022,316956,"0,03","0,00","0,00","158,29",SSE,"1,11","2,81","27,24","24,00","31,20","3,15","100,18","99,94","100,40"
6/25/2022,297942,"0,00","0,00","0,00","138,25",SE,"0,83","1,92","27,28","23,30","31,50","3,14","100,23","100,08","100,45"
6/26/2022,200316,"18,33","4,00","0,63","85,83",L,"0,99","1,93","26,50","23,70","30,50","3,15","100,25","100,03","100,45"
6/27/2022,315300,"4,93","0,00","0,00","67,33",LNE,"1,18","2,72","27,43","24,00","31,80","3,16","100,22","99,96","100,45"
6/28/2022,221718,"0,37","0,00","0,00","121,25",LSE,"1,08","2,62","26,05","23,20","30,10","3,10","100,40","100,22","100,62"
6/29/2022,318486,"0,00","0,00","0,00","100,67",L,"0,94","2,11","27,48","23,70","31,90","3,13","100,39","100,13","100,57"
6/30/2022,273180,"0,00","0,00","0,00","153,46",SSE,"0,76","1,88","27,58","25,00","31,50","3,04","100,26","100,01","100,44"
7/1/2022,297960,"0,00","0,00","0,00","155,46",SSE,"0,81","2,18","27,33","23,90","31,60","3,06","100,20","99,93","100,38"
7/2/2022,301056,"0,00","1,00","1,13","163,29",SSE,"0,98","2,59","27,49","24,30","31,50","3,21","100,26","100,06","100,46"
7/3/2022,202524,"4,83","3,00","2,17","163,17",SSE,"0,90","2,41","25,83","22,90","29,40","3,12","100,37","100,19","100,55"
7/4/2022,207984,"0,14","0,00","0,00","188,79",S,"0,88","2,30","25,76","23,40","29,10","3,13","100,38","100,17","100,63"
7/5/2022,314958,"0,00","0,00","0,00","169,38",S,"0,93","2,22","27,15","23,40","31,50","3,12","100,32","100,10","100,50"
7/6/2022,271410,"0,00","0,00","0,00","145,08",SE,"0,86","1,98","27,35","24,50","31,00","3,16","100,25","100,02","100,48"
7/7/2022,296124,"0,03","1,00","1,00","179,42",S,"0,95","2,51","27,41","24,50","31,40","3,14","100,23","99,99","100,43"
7/8/2022,318060,"0,00","1,00","1,13","207,88",SSO,"0,97","3,30","27,58","25,10","32,00","3,13","100,36","100,16","100,55"
7/9/2022,231798,"0,46","4,00","0,38","154,96",SSE,"0,87","2,64","26,71","24,80","30,30","3,16","100,37","100,10","100,60"
7/10/2022,288546,"0,03","0,00","0,00","135,79",SE,"0,89","1,92","27,50","23,70","31,80","3,13","100,27","99,99","100,53"
7/11/2022,293970,"0,00","0,00","0,00","129,75",SE,"0,85","2,09","28,23","24,30","32,60","3,12","100,14","99,90","100,34"
7/12/2022,327006,"0,00","0,00","0,00","156,92",SSE,"0,87","2,10","28,32","24,10","32,60","3,10","100,23","100,02","100,45"
7/13/2022,286986,"0,00","0,00","0,00","152,13",SSE,"0,84","2,24","28,43","25,50","32,40","3,06","100,23","100,01","100,44"
7/14/2022,225714,"0,00","0,00","0,00","90,50",L,"0,64","1,99","27,58","24,40","31,80","3,09","100,22","100,01","100,44"
7/15/2022,304722,"0,00","0,00","0,00","168,96",S,"0,77","2,26","27,87","24,10","32,70","3,07","100,19","99,96","100,40"
7/16/2022,311412,"0,00","0,00","0,00","171,33",S,"0,87","2,14","28,50","25,10","32,90","3,20","100,18","99,97","100,38"
7/17/2022,326904,"0,00","0,00","0,00","145,08",SE,"0,94","2,50","28,71","24,40","33,40","3,16","100,23","100,01","100,43"
7/18/2022,324462,"0,00","0,00","0,00","169,33",S,"0,91","2,38","28,94","24,80","33,00","3,12","100,25","100,05","100,42"
7/19/2022,288936,"0,00","1,00","1,00","173,00",S,"0,84","2,46","28,85","26,30","32,40","3,24","100,26","100,02","100,45"
7/20/2022,169704,"0,00","0,00","0,00","179,58",S,"0,84","2,19","27,08","25,20","29,00","3,15","100,23","99,99","100,42"
7/21/2022,168666,"0,00","4,00","1,54","98,13",L,"1,01","2,41","26,34","23,80","31,40","3,11","100,19","99,99","100,37"
7/22/2022,233634,"0,09","0,00","0,00","110,63",LSE,"1,07","2,44","26,57","23,10","31,80","3,10","100,15","99,98","100,38"
7/23/2022,255222,"0,00","0,00","0,00","151,13",SSE,"0,82","1,87","27,28","23,40","31,70","3,09","100,13","99,90","100,33"
7/24/2022,328176,"0,00","0,00","0,00","121,21",LSE,"0,92","2,10","28,57","24,00","33,70","3,07","100,13","99,94","100,33"
7/25/2022,319938,"0,00","0,00","0,00","154,75",SSE,"0,80","1,86","29,05","24,90","33,60","3,08","100,20","99,91","100,46"
7/26/2022,333144,"0,00","0,00","0,00","148,75",SSE,"0,82","1,95","29,28","24,90","33,90","3,10","100,21","99,91","100,44"
7/27/2022,337386,"0,00","0,00","0,00","164,17",SSE,"0,86","2,30","28,74","24,70","33,10","3,07","100,24","99,93","100,45"
7/28/2022,335274,"0,00","0,00","0,00","146,21",SE,"0,85","2,12","28,66","23,40","33,40","2,93","100,18","99,92","100,39"
7/29/2022,155310,"0,36","8,00","1,50","104,38",LSE,"0,76","2,11","27,11","25,20","31,60","3,06","100,27","100,10","100,48"
7/30/2022,189156,"27,75","0,00","0,00","91,92",L,"1,03","2,47","25,59","22,30","31,90","3,05","100,35","100,12","100,49"
7/31/2022,220110,"0,00","0,00","0,00","101,92",LSE,"0,76","2,05","27,45","24,60","31,70","3,17","100,30","100,04","100,51"
8/1/2022,252900,"0,27","4,00","2,46","156,67",SSE,"0,69","2,27","27,45","24,80","31,20","3,15","100,22","99,90","100,46"
8/2/2022,248094,"0,19","0,00","0,00","187,58",S,"0,78","1,97","27,14","24,00","30,90","3,10","100,13","99,82","100,34"
8/3/2022,297786,"0,00","2,00","1,96","172,46",S,"0,79","2,17","27,85","24,60","32,60","3,10","100,10","99,82","100,31"
8/4/2022,305766,"0,00","0,00","0,00","164,08",SSE,"0,97","2,49","28,17","23,60","33,00","3,07","100,07","99,82","100,29"
8/5/2022,330570,"0,00","0,00","0,00","216,17",SO,"0,76","2,46","28,60","25,00","33,50","3,02","100,02","99,78","100,23"
8/6/2022,334776,"0,00","0,00","0,00","184,25",S,"0,84","2,44","28,71","24,70","33,50","3,08","100,04","99,81","100,28"
8/7/2022,307962,"0,00","0,00","0,00","188,21",S,"0,85","2,55","28,94","25,80","33,50","3,02","100,07","99,83","100,31"
8/8/2022,352878,"0,00","0,00","0,00","128,75",SE,"0,85","2,36","28,88","23,90","33,80","3,01","100,09","99,84","100,30"
8/9/2022,336444,"0,00","0,00","0,00","156,71",SSE,"0,89","2,49","29,08","24,50","33,80","3,08","100,21","100,04","100,43"
8/10/2022,340686,"0,00","0,00","0,00","147,46",SSE,"0,82","2,45","28,80","24,70","33,60","2,97","100,36","100,12","100,59"
8/11/2022,342114,"0,00","0,00","0,00","74,25",LNE,"1,20","3,08","28,47","25,10","32,50","3,11","100,33","100,07","100,55"
8/12/2022,309726,"0,00","0,00","0,00","68,83",LNE,"1,11","2,81","28,83","26,00","32,70","3,15","100,37","100,13","100,57"
8/13/2022,252504,"0,72","2,00","0,83","145,83",SE,"0,82","1,90","27,41","23,40","32,00","3,05","100,38","100,16","100,64"
8/14/2022,187074,"0,12","2,00","2,00","163,00",SSE,"0,78","2,17","26,24","24,10","31,90","2,93","100,36","100,14","100,57"
8/15/2022,260238,"4,46","10,00","2,58","150,83",SSE,"1,05","2,68","26,44","22,90","32,30","2,98","100,22","99,97","100,47"
8/16/2022,308952,"0,00","0,00","0,00","179,79",S,"0,91","2,44","28,00","23,60","32,80","3,04","100,12","99,88","100,36"
8/17/2022,293874,"0,00","0,00","0,00","167,04",SSE,"0,75","1,94","29,20","24,30","34,10","3,04","100,09","99,80","100,33"
8/18/2022,341508,"0,00","0,00","0,00","145,58",SE,"0,91","2,46","29,56","25,00","33,90","3,18","100,09","99,85","100,30"
8/19/2022,285066,"0,00","0,00","0,00","170,92",S,"1,00","2,83","29,17","26,20","32,80","3,23","100,16","99,90","100,35"
8/20/2022,197442,"5,00","2,00","1,42","55,46",NE,"1,61","4,28","26,66","24,50","28,60","3,05","100,30","100,09","100,52"
8/21/2022,250992,"0,00","0,00","0,00","66,54",LNE,"1,39","3,89","26,48","24,10","30,00","2,71","100,43","100,20","100,65"
8/22/2022,243930,"0,00","0,00","0,00","87,54",L,"1,20","2,82","27,44","24,00","31,00","2,89","100,33","100,06","100,55"
8/23/2022,271692,"0,00","0,00","0,00","81,96",L,"0,95","2,37","27,91","24,10","32,10","2,95","100,29","100,01","100,51"
8/24/2022,254940,"0,43","13,00","1,33","88,79",L,"0,80","2,34","28,07","24,40","32,40","3,03","100,38","100,12","100,67"
8/25/2022,217422,"6,07","97,00","0,58","139,13",SE,"0,89","2,31","27,23","24,00","31,10","3,11","100,37","100,09","100,61"
8/26/2022,323814,"0,00","1,00","0,83","194,63",SSO,"0,91","2,43","27,80","24,10","33,00","3,13","100,29","99,93","100,53"
8/27/2022,306228,"0,00","0,00","0,00","176,21",S,"0,87","2,31","28,20","23,50","33,10","3,06","100,17","99,79","100,43"
8/28/2022,159306,"0,00","9,00","2,58","115,04",LSE,"0,91","2,39","26,55","24,30","30,60","3,09","100,26","99,99","100,57"
8/29/2022,282012,"1,46","10,00","1,88","144,96",SE,"0,93","2,15","27,57","23,20","33,40","3,02","100,25","100,01","100,46"
8/30/2022,304476,"0,00","0,00","0,00","98,08",L,"0,89","2,03","28,82","24,00","34,20","3,04","100,21","99,93","100,43"
8/31/2022,277260,"0,00","0,00","0,00","83,54",L,"1,31","2,82","28,82","25,90","33,60","3,19","100,22","99,93","100,53"
9/1/2022,165804,"0,00","7,00","2,83","81,58",L,"0,92","2,08","27,24","24,80","31,00","3,09","100,05","99,84","100,29"
9/2/2022,279972,"0,00","0,00","0,00","145,25",SE,"0,85","2,04","28,20","24,00","33,60","3,16","100,09","99,86","100,29"
9/3/2022,282996,"0,00","0,00","0,00","175,92",S,"0,87","2,28","29,38","26,00","33,70","3,24","100,14","99,89","100,37"
9/4/2022,272022,"0,00","0,00","0,00","163,63",SSE,"0,80","2,07","29,03","25,50","34,30","3,11","100,12","99,86","100,40"
9/5/2022,291342,"0,00","0,00","0,00","126,25",SE,"1,08","2,69","29,00","24,80","34,70","3,14","100,24","100,01","100,47"
9/6/2022,242214,"1,41","4,00","2,67","85,29",L,"1,02","2,54","27,55","24,00","33,60","3,13","100,38","100,07","100,61"
9/7/2022,236694,"0,00","0,00","0,00","134,21",SE,"0,87","2,21","27,22","23,40","32,50","3,07","100,30","99,97","100,58"
9/8/2022,208614,"0,27","6,00","1,79","129,58",SE,"0,92","2,27","26,78","24,10","32,80","3,05","100,14","99,87","100,41"
9/9/2022,332592,"0,03","10,00","0,42","199,04",SSO,"1,06","2,86","27,58","23,60","34,00","3,05","100,19","99,99","100,44"
9/10/2022,341598,"0,00","0,00","0,00","138,54",SE,"0,86","2,44","29,06","23,60","34,50","3,04","100,27","100,09","100,53"
9/11/2022,257388,"0,00","0,00","0,00","99,08",L,"0,80","1,97","30,15","25,50","35,20","3,03","100,21","99,89","100,45"
9/12/2022,226986,"0,00","10,00","0,58","111,75",LSE,"0,82","2,31","28,74","26,00","32,80","2,99","100,05","99,75","100,30"
9/13/2022,232746,"2,84","1,00","0,50","153,46",SSE,"1,05","2,70","26,50","22,90","30,80","3,00","100,16","99,88","100,39"
9/14/2022,306162,"0,00","0,00","0,00","167,04",SSE,"0,87","2,43","28,50","23,50","33,60","3,12","100,12","99,88","100,36"
9/15/2022,326622,"0,00","1,00","1,00","157,33",SSE,"0,89","2,45","29,56","25,50","35,10","3,16","100,17","99,93","100,41"
9/16/2022,242580,"0,00","0,00","0,00","156,33",SSE,"0,90","2,32","29,06","26,20","33,10","3,19","100,14","99,89","100,40"
9/17/2022,249144,"0,00","16,00","1,46","114,71",LSE,"0,89","2,31","28,60","26,20","34,70","3,26","100,04","99,76","100,28"
9/18/2022,160746,"4,49","164,00","2,13","78,92",L,"1,33","3,23","26,05","24,10","31,00","3,10","100,09","99,95","100,31"
9/19/2022,286554,"0,07","0,00","0,00","124,96",SE,"0,87","2,09","27,71","23,00","33,20","3,12","100,04","99,82","100,26"
9/20/2022,327744,"0,00","0,00","0,00","185,17",S,"0,94","2,45","29,71","24,60","35,40","3,19","99,97","99,69","100,24"
9/21/2022,314622,"0,00","0,00","0,00","139,88",SE,"0,91","2,84","29,67","23,80","35,50","2,87","99,95","99,65","100,25"
9/22/2022,281190,"0,00","0,00","0,00","144,50",SE,"0,77","2,37","29,12","25,80","34,60","3,06","100,01","99,81","100,28"
9/23/2022,278274,"0,00","0,00","0,00","153,17",SSE,"0,96","2,46","29,20","25,40","34,00","3,25","100,11","99,87","100,42"
9/24/2022,347232,"0,00","0,00","0,00","143,29",SE,"0,96","2,38","30,47","25,50","35,70","3,08","100,03","99,78","100,36"
9/25/2022,360156,"0,00","0,00","0,00","168,58",SSE,"0,79","2,03","30,58","25,80","36,80","2,99","99,99","99,71","100,25"
9/26/2022,321306,"0,17","11,00","1,21","200,46",SSO,"0,89","3,19","29,23","24,90","34,60","2,99","100,06","99,79","100,32"
9/27/2022,363726,"0,00","0,00","0,00","172,13",S,"0,86","2,44","30,20","26,00","34,90","3,13","100,09","99,81","100,40"
9/28/2022,347400,"0,00","0,00","0,00","212,58",SSO,"0,78","2,67","31,12","26,60","35,90","2,99","99,97","99,71","100,24"
9/29/2022,357774,"0,00","0,00","0,00","192,54",SSO,"0,84","2,70","31,40","25,70","36,60","2,93","99,91","99,60","100,18"
9/30/2022,341802,"12,63","32,00","1,92","137,75",SE,"1,01","3,08","29,20","23,80","35,00","3,04","100,00","99,73","100,27"
10/1/2022,283032,"0,02","2,00","1,17","143,04",SE,"1,30","3,32","27,87","23,70","33,50","3,15","100,14","99,90","100,46"
10/2/2022,313764,"0,00","1,00","0,42","87,33",L,"1,40","3,26","28,23","23,90","33,50","3,01","100,34","100,10","100,62"
10/3/2022,48912,"19,58","38,00","4,13","79,79",L,"1,28","2,79","24,48","22,20","27,70","2,98","100,35","100,02","100,74"
10/4/2022,315864,"0,12","1,00","1,00","101,83",LSE,"0,87","2,14","27,24","22,00","33,20","3,01","100,11","99,81","100,46"
10/5/2022,360984,"0,00","0,00","0,00","153,29",SSE,"0,88","2,30","29,18","24,60","34,20","3,05","99,93","99,70","100,21"
10/6/2022,352854,"0,00","0,00","0,00","174,08",S,"0,86","2,49","30,40","25,40","35,60","2,94","99,91","99,67","100,21"
10/7/2022,356568,"0,00","0,00","0,00","240,00",OSO,"0,86","3,00","30,87","26,20","35,40","2,90","99,95","99,66","100,28"
10/8/2022,350748,"0,00","0,00","0,00","175,13",S,"0,89","2,68","30,24","25,70","35,10","2,98","99,90","99,64","100,20"
10/9/2022,336066,"0,00","0,00","0,00","184,71",S,"0,73","2,00","30,51","25,70","35,50","2,80","99,94","99,70","100,24"
10/10/2022,215820,"0,00","0,00","0,00","161,71",SSE,"1,01","2,76","27,86","25,40","31,80","2,97","100,15","99,94","100,45"
10/11/2022,212604,"0,15","5,00","1,42","132,71",SE,"0,87","2,67","27,30","23,30","32,70","3,03","100,25","99,88","100,57"
10/12/2022,255726,"0,00","0,00","0,00","96,63",L,"1,11","2,52","28,93","24,90","33,60","3,13","100,09","99,74","100,40"
10/13/2022,261840,"0,00","14,00","1,50","114,21",LSE,"1,11","3,01","27,26","24,60","33,50","3,09","100,07","99,90","100,30"
10/14/2022,280866,"0,00","0,00","0,00","165,08",SSE,"0,98","2,67","27,02","23,80","31,00","3,13","100,20","99,86","100,46"
10/15/2022,113910,"36,38","102,00","1,13","45,96",NE,"0,58","1,22","25,17","22,20","31,30","3,04","100,18","99,99","100,39"
10/16/2022,251316,"0,05","0,00","0,00","33,88",NE,"0,56","1,20","26,40","22,30","31,40","3,12","100,06","99,75","100,33"
10/17/2022,120240,"4,95","15,00","2,71","84,63",L,"1,63","2,97","25,66","23,70","30,50","3,16","100,10","99,95","100,30"
10/18/2022,272502,"7,19","5,00","0,46","113,25",LSE,"1,06","2,26","27,02","23,90","32,60","3,19","100,11","99,79","100,35"
10/19/2022,300810,"0,00","3,00","0,92","126,46",SE,"1,33","3,18","27,65","25,60","32,90","3,28","100,13","99,82","100,39"
10/20/2022,282324,"0,12","0,00","0,00","165,88",SSE,"1,16","3,16","27,78","24,50","32,40","3,17","100,03","99,67","100,30"
10/21/2022,291042,"0,00","1,00","1,13","109,58",LSE,"1,10","2,61","29,28","25,00","34,30","3,20","99,92","99,59","100,24"
10/22/2022,82068,"6,33","30,00","1,38","71,58",LNE,"1,38","2,42","25,90","24,30","27,70","3,22","100,05","99,91","100,44"
10/23/2022,280206,"0,02","0,00","0,00","118,54",LSE,"1,17","2,92","28,01","24,50","32,40","3,32","100,06","99,75","100,37"
10/24/2022,218046,"1,45","33,00","2,04","88,50",L,"1,22","2,36","27,92","25,80","32,60","3,36","100,04","99,76","100,34"
10/25/2022,135102,"1,67","5,00","1,71","77,21",LNE,"1,36","2,95","25,97","24,90","28,90","3,22","100,09","99,76","100,43"
10/26/2022,276738,"0,12","0,00","0,00","109,46",LSE,"0,84","2,01","27,82","23,60","33,00","3,19","99,95","99,69","100,19"
10/27/2022,336456,"0,00","0,00","0,00","159,33",SSE,"0,92","2,77","29,21","25,60","33,80","3,28","99,86","99,56","100,16"
10/28/2022,247716,"0,00","0,00","0,00","161,42",SSE,"1,02","3,11","29,83","26,50","33,50","3,28","99,88","99,61","100,10"
10/29/2022,269646,"0,00","1,00","1,00","121,71",LSE,"1,25","2,92","28,11","25,10","32,70","3,22","99,95","99,74","100,17"
10/30/2022,231414,"0,00","0,00","0,00","100,00",L,"0,99","1,99","28,73","24,90","32,70","3,23","99,84","99,59","100,08"
10/31/2022,242442,"0,00","0,00","0,00","192,00",SSO,"1,03","2,58","30,07","25,80","34,60","3,39","99,89","99,60","100,16"
11/1/2022,143520,"1,77","21,00","2,21","90,67",L,"1,25","3,04","27,14","23,90","30,10","3,30","100,18","99,92","100,53"
11/2/2022,152310,"5,37","0,00","0,00","45,58",NE,"1,71","4,69","24,51","23,30","25,90","2,80","100,48","100,29","100,69"
11/3/2022,192450,"0,00","0,00","0,00","67,25",LNE,"1,43","3,58","25,39","22,80","28,00","2,67","100,45","100,19","100,70"
11/4/2022,167352,"0,00","0,00","0,00","85,46",L,"1,21","2,72","26,21","23,60","29,30","2,88","100,31","100,07","100,56"
11/5/2022,266358,"0,00","0,00","0,00","78,63",LNE,"1,04","2,49","27,96","23,80","32,80","2,90","100,18","99,88","100,45"
11/6/2022,287724,"28,90","35,00","1,63","104,33",LSE,"1,03","2,59","27,58","23,70","34,60","3,06","100,15","99,87","100,42"
11/7/2022,133086,"0,00","0,00","0,00","120,08",LSE,"0,87","2,55","25,98","24,20","29,30","3,14","100,26","100,03","100,48"
11/8/2022,234834,"0,00","10,00","0,92","138,38",SE,"0,75","2,07","27,91","24,30","32,20","3,22","100,22","99,93","100,44"
11/9/2022,286614,"0,00","0,00","0,00","169,42",S,"0,75","2,18","28,75","25,30","33,80","3,08","100,11","99,76","100,41"
11/10/2022,328704,"0,00","0,00","0,00","177,25",S,"0,88","2,78","29,24","25,10","34,00","3,14","100,04","99,76","100,32"
11/11/2022,293370,"0,00","0,00","0,00","216,50",SO,"0,82","2,92","29,35","26,20","33,40","3,17","100,03","99,71","100,36"
11/12/2022,204438,"20,45","20,00","1,83","77,42",LNE,"1,11","2,17","27,43","24,50","32,40","3,37","99,98","99,71","100,22"
11/13/2022,284568,"0,54","12,00","2,54","194,29",SSO,"0,93","2,87","28,03","24,60","32,60","3,29","99,91","99,66","100,13"
11/14/2022,311316,"0,00","1,00","1,00","229,17",SO,"0,92","2,79","29,08","25,40","33,60","3,34","99,94","99,68","100,22"
11/15/2022,231948,"3,79","32,00","1,71","157,29",SSE,"0,95","2,80","27,93","24,50","32,30","3,32","100,07","99,84","100,30"
11/16/2022,231714,"0,05","0,00","0,00","112,42",LSE,"1,08","2,44","27,02","24,50","31,50","3,30","100,15","99,84","100,42"
11/17/2022,211602,"0,00","0,00","0,00","130,38",SE,"0,95","2,24","28,59","24,90","32,60","3,34","100,00","99,68","100,28"
11/18/2022,160818,"0,00","0,00","0,00","73,96",LNE,"1,37","3,09","27,04","24,20","30,40","3,28","100,06","99,88","100,32"
11/19/2022,239310,"0,00","0,00","0,00","149,83",SSE,"0,87","2,35","27,68","23,80","32,90","3,16","100,05","99,76","100,38"
11/20/2022,255438,"0,00","0,00","0,00","192,50",SSO,"0,86","2,57","28,60","24,20","33,70","3,15","99,88","99,65","100,13"
11/21/2022,306276,"0,00","0,00","0,00","222,71",SO,"0,79","2,69","29,66","25,60","34,30","3,08","99,77","99,45","100,04"
11/22/2022,204444,"0,00","2,00","2,58","206,67",SSO,"1,09","3,57","28,33","24,90","32,10","3,06","99,85","99,63","100,01"
11/23/2022,312540,"19,77","27,00","3,13","88,75",L,"1,49","3,45","26,48","23,40","32,10","3,07","99,97","99,64","100,33"
11/24/2022,145044,"13,26","10,00","1,13","76,04",LNE,"1,16","2,27","24,97","22,30","29,50","3,05","100,05","99,83","100,29"
11/25/2022,222420,"0,12","0,00","0,00","102,33",LSE,"0,98","2,54","27,58","24,50","32,30","3,23","100,07","99,75","100,33"
11/26/2022,102546,"52,33","26,00","1,33","95,38",L,"0,75","1,81","24,84","22,80","27,40","3,03","100,17","99,89","100,51"
11/27/2022,255852,"0,02","0,00","0,00","74,54",LNE,"1,11","2,31","26,95","23,40","32,40","3,14","100,10","99,79","100,39"
11/28/2022,276468,"12,95","1,00","0,71","84,08",L,"1,36","2,94","26,65","23,60","32,10","3,13","99,91","99,64","100,10"
11/29/2022,221028,"0,02","0,00","0,00","78,92",L,"1,00","2,47","26,88","23,70","31,30","3,13","99,74","99,41","100,08"
11/30/2022,217218,"0,03","0,00","0,00","145,33",SE,"0,77","2,02","28,44","24,90","32,90","3,22","99,61","99,30","99,95"
12/1/2022,223920,"79,59","433,00","2,96","175,54",S,"1,03","3,04","26,85","23,20","30,60","3,17","99,68","99,37","99,94"
12/2/2022,128742,"1,28","1,00","1,29","103,67",LSE,"1,00","2,34","25,15","23,70","28,50","3,05","99,83","99,63","100,05"
12/3/2022,215796,"0,03","0,00","0,00","102,42",LSE,"1,14","2,46","26,51","23,60","30,80","3,14","99,90","99,58","100,20"
12/4/2022,291516,"0,02","45,00","1,96","100,29",L,"1,07","2,60","28,17","23,80","33,40","3,14","99,80","99,42","100,07"
12/5/2022,166386,"1,75","0,00","0,00","169,63",S,"0,74","2,05","24,94","22,10","29,00","2,94","99,91","99,70","100,10"
12/6/2022,275448,"0,00","0,00","0,00","152,54",SSE,"0,82","2,29","27,56","23,90","31,90","3,21","100,03","99,73","100,28"
12/7/2022,317994,"0,10","0,00","0,00","177,63",S,"1,08","2,66","28,20","25,00","32,40","3,29","100,05","99,74","100,35"
12/8/2022,274686,"0,02","3,00","0,96","89,88",L,"0,96","2,28","28,89","25,70","33,90","3,31","99,95","99,62","100,21"
12/9/2022,241422,"4,89","0,00","0,00","94,83",L,"1,06","2,36","27,54","24,30","31,60","3,29","100,00","99,67","100,32"
12/10/2022,329082,"0,00","0,00","0,00","174,75",S,"0,88","2,19","28,77","24,90","33,20","3,26","100,01","99,73","100,32"
12/11/2022,216216,"0,53","1,00","0,58","166,83",SSE,"0,84","2,07","27,47","25,20","32,00","3,25","100,09","99,78","100,40"
12/12/2022,284682,"0,07","0,00","0,00","158,33",SSE,"0,90","2,16","27,84","24,60","31,90","3,28","100,02","99,70","100,29"
12/13/2022,187386,"28,18","249,00","2,79","76,63",LNE,"1,32","2,63","25,04","22,80","30,10","3,06","100,09","99,93","100,30"
12/14/2022,238692,"0,10","0,00","0,00","99,46",L,"1,14","2,27","26,73","22,90","31,60","3,15","100,06","99,74","100,34"
12/15/2022,213870,"3,55","12,00","1,00","103,67",LSE,"1,16","2,53","27,29","24,50","32,80","3,23","99,98","99,67","100,30"
12/16/2022,234378,"3,64","1,00","0,50","104,33",LSE,"1,15","2,32","27,13","24,80","33,00","3,24","99,88","99,64","100,12"
12/17/2022,140976,"7,38","0,00","0,00","64,67",LNE,"1,29","2,65","25,36","22,70","29,00","3,13","99,89","99,64","100,13"
12/18/2022,319800,"2,84","27,00","2,67","161,21",SSE,"1,12","2,93","26,78","24,10","30,70","3,20","99,96","99,63","100,21"
12/19/2022,238170,"1,48","1,00","0,71","207,08",SSO,"0,96","2,74","26,50","23,60","30,30","3,07","100,13","99,84","100,46"
12/20/2022,234090,"1,63","0,00","0,00","161,58",SSE,"0,92","2,20","26,06","23,70","28,70","3,08","100,16","99,88","100,43"
12/21/2022,79614,"42,85","35,00","2,83","70,21",LNE,"1,59","2,83","24,58","22,60","29,00","3,05","100,20","100,03","100,36"
12/22/2022,180876,"24,04","5,00","0,71","48,58",NE,"0,75","1,69","24,26","22,50","28,60","2,97","100,19","99,92","100,46"
12/23/2022,259218,"0,00","0,00","0,00","183,00",S,"0,76","2,66","27,11","23,80","31,40","3,13","100,14","99,85","100,42"
12/24/2022,288954,"0,00","0,00","0,00","143,13",SE,"0,76","2,53","28,16","24,70","32,70","2,91","100,01","99,76","100,26"
12/25/2022,253056,"0,00","0,00","0,00","133,13",SE,"0,78","2,17","28,00","24,70","31,50","2,99","99,98","99,77","100,16"
12/26/2022,155652,"66,94","48,00","0,71","63,92",LNE,"0,89","1,72","26,07","22,90","31,10","3,10","100,07","99,82","100,26"
12/27/2022,130470,"18,14","5,00","0,63","60,50",LNE,"0,61","1,63","24,29","22,50","29,00","2,99","100,26","100,08","100,53"
12/28/2022,200790,"1,58","0,00","0,00","77,42",LNE,"0,96","2,10","25,35","22,70","29,20","3,07","100,30","100,02","100,51"
12/29/2022,161082,"0,00","0,00","0,00","162,33",SSE,"1,03","3,26","25,07","23,60","28,00","2,99","100,32","100,04","100,61"
12/30/2022,256614,"0,00","0,00","0,00","99,67",L,"0,99","2,46","26,68","23,60","30,30","3,19","100,19","99,86","100,45"
12/31/2022,171066,"8,84","2,00","1,42","95,21",L,"1,02","2,50","25,38","22,90","27,90","3,15","100,19","100,00","100,44"
1/1/2023,251274,"0,78","3,00","0,46","129,50",SE,"0,78","2,27","25,13","22,70","29,60","3,05","100,17","99,89","100,42"
1/2/2023,219606,"0,58","0,00","0,00","124,04",SE,"1,40","2,92","25,40","23,70","30,10","3,10","100,18","99,98","100,40"
1/3/2023,133626,"4,88","0,00","0,00","67,08",LNE,"1,06","2,17","24,68","23,00","27,50","3,02","100,21","99,92","100,55"
1/4/2023,277782,"0,00","0,00","0,00","158,83",SSE,"0,94","2,56","26,77","23,20","31,20","3,11","100,16","99,86","100,44"
1/5/2023,201360,"12,97","23,00","0,96","128,08",SE,"1,26","2,88","26,41","24,30","30,50","3,20","100,21","99,90","100,47"
1/6/2023,144894,"21,05","2,00","0,42","103,04",LSE,"1,15","2,35","24,53","22,50","27,10","3,03","100,30","99,98","100,64"
1/7/2023,329892,"0,03","0,00","0,00","79,71",L,"1,43","3,29","27,40","24,50","32,40","3,22","100,33","99,97","100,54"
1/8/2023,184866,"0,77","5,00","2,08","110,92",LSE,"1,06","2,24","26,52","24,20","31,20","3,17","100,32","99,99","100,61"
1/9/2023,170946,"10,61","28,00","1,42","81,08",L,"1,20","2,43","24,76","22,30","30,90","3,05","100,28","100,11","100,45"
1/10/2023,153996,"12,86","0,00","0,00","102,88",LSE,"0,93","2,14","24,30","22,40","27,10","2,99","100,34","100,05","100,67"
1/11/2023,289314,"0,00","11,00","1,92","168,58",SSE,"0,96","2,70","26,93","24,00","31,50","3,19","100,27","99,89","100,57"
1/12/2023,237570,"3,26","2,00","0,50","143,96",SE,"1,01","2,60","26,75","23,80","30,50","3,23","100,14","99,74","100,44"
1/13/2023,85242,"24,84","26,00","1,92","71,92",LNE,"1,43","2,68","24,58","22,70","25,90","3,06","100,15","99,94","100,39"
1/14/2023,216276,"17,05","0,00","0,00","180,92",S,"0,92","2,32","24,73","21,60","28,90","3,00","100,25","100,05","100,53"
1/15/2023,261156,"0,00","0,00","0,00","149,88",SSE,"1,04","2,69","26,38","23,60","30,80","3,15","100,27","99,95","100,59"
1/16/2023,204216,"16,61","35,00","4,33","103,58",LSE,"1,11","2,60","25,83","23,80","30,70","3,15","100,15","99,78","100,40"
1/17/2023,97092,"4,42","0,00","0,00","81,54",L,"0,92","2,02","23,93","23,10","26,00","2,95","100,20","99,93","100,47"
1/18/2023,247854,"9,40","0,00","0,00","149,33",SSE,"0,94","2,47","25,36","22,80","30,00","2,98","100,30","99,97","100,57"
1/19/2023,226650,"0,22","0,00","0,00","198,46",SSO,"0,86","2,88","24,64","22,30","28,80","2,91","100,33","100,05","100,62"
1/20/2023,126192,"5,47","0,00","0,00","111,21",LSE,"1,06","2,30","24,42","21,90","26,50","3,00","100,31","100,04","100,60"
1/21/2023,192618,"2,55","0,00","0,00","111,92",LSE,"1,14","2,55","25,32","23,00","29,50","3,05","100,21","99,90","100,51"
1/22/2023,164790,"7,65","6,00","1,88","104,67",LSE,"0,94","2,03","24,06","22,20","29,50","2,93","100,15","99,88","100,41"
1/23/2023,246192,"2,64","2,00","1,83","135,88",SE,"1,01","2,67","25,43","22,40","30,40","3,07","100,22","99,93","100,52"
1/24/2023,180522,"21,34","39,00","3,13","75,75",LNE,"1,23","2,30","25,15","24,20","28,10","3,15","100,18","99,95","100,41"
1/25/2023,100458,"26,63","2,00","0,46","64,50",LNE,"1,12","2,24","24,07","22,80","26,10","2,98","100,13","99,90","100,38"
1/26/2023,157494,"10,64","0,00","0,00","67,13",LNE,"1,05","2,02","25,28","22,70","28,30","3,13","100,07","99,80","100,33"
1/27/2023,188910,"16,76","2,00","1,42","102,63",LSE,"1,01","2,66","25,81","23,40","29,80","3,22","100,08","99,82","100,33"
1/28/2023,175164,"1,70","2,00","1,00","114,83",LSE,"1,01","2,53","25,16","23,10","28,80","3,10","100,13","99,90","100,34"
1/29/2023,215622,"0,00","0,00","0,00","156,63",SSE,"0,83","2,23","26,00","23,40","30,40","3,08","100,14","99,86","100,38"
1/30/2023,63972,"19,67","28,00","0,63","113,75",LSE,"1,03","2,03","24,39","22,20","26,60","3,05","100,10","99,86","100,38"
1/31/2023,209334,"0,56","0,00","0,00","127,29",SE,"0,93","2,77","25,09","23,10","29,70","3,08","100,14","99,90","100,37"
2/1/2023,328374,"0,00","0,00","0,00","199,46",SSO,"0,91","3,08","26,70","23,20","31,40","3,09","100,14","99,78","100,38"
2/2/2023,267390,"0,00","0,00","0,00","168,63",SSE,"0,80","2,98","26,98","23,80","31,00","3,13","100,20","99,87","100,48"
2/3/2023,243834,"25,94","5,00","0,67","139,92",SE,"1,02","2,76","26,62","23,50","30,10","3,18","100,20","99,93","100,42"
2/4/2023,150402,"11,03","1,00","0,71","83,50",L,"1,30","2,61","24,12","22,90","27,40","2,98","100,36","100,10","100,66"
2/5/2023,81822,"18,12","0,00","0,00","114,79",LSE,"0,94","2,08","24,11","22,30","25,30","3,01","100,32","100,00","100,60"
2/6/2023,286368,"6,99","3,00","1,13","108,67",LSE,"0,90","2,22","26,32","23,30","31,00","3,20","100,16","99,87","100,42"
2/7/2023,136848,"12,92","7,00","1,08","75,13",LNE,"1,13","2,07","25,43","23,90","29,50","3,17","100,14","99,91","100,38"
2/8/2023,178422,"3,52","3,00","1,00","157,25",SSE,"0,84","1,99","25,24","24,10","28,80","3,18","100,13","99,83","100,36"
2/9/2023,92340,"10,77","2,00","0,33","122,04",LSE,"0,94","1,91","24,15","23,50","25,80","3,01","100,15","99,82","100,46"
2/10/2023,194538,"4,37","0,00","0,00","161,08",SSE,"0,88","2,00","25,66","23,50","29,80","3,16","100,11","99,75","100,47"
2/11/2023,99414,"1,33","0,00","0,00","81,25",L,"0,84","1,90","24,52","22,40","26,50","3,07","100,08","99,80","100,40"
2/12/2023,192438,"28,46","4,00","1,00","107,17",LSE,"0,92","2,11","25,56","22,70","28,80","3,19","99,99","99,64","100,29"
2/13/2023,207114,"2,38","24,00","2,79","103,46",LSE,"1,20","2,59","26,18","24,60","29,20","3,33","99,98","99,72","100,29"
2/14/2023,162582,"0,97","15,00","0,58","126,83",SE,"1,01","2,57","24,61","23,10","28,40","3,06","100,05","99,77","100,34"
2/15/2023,220176,"0,78","5,00","3,88","112,38",LSE,"0,91","2,26","25,70","23,80","29,40","3,23","100,04","99,74","100,26"
2/16/2023,52416,"1,68","32,00","0,58","218,29",SO,"0,88","1,91","24,19","22,70","25,40","3,02","99,96","99,67","100,29"
2/17/2023,203004,"0,73","0,00","0,00","219,88",SO,"1,30","3,08","25,04","23,60","27,50","3,10","100,01","99,77","100,27"
2/18/2023,308112,"0,56","3,00","0,33","139,54",SE,"0,99","2,50","26,46","23,60","31,80","3,21","100,07","99,74","100,27"
2/19/2023,192450,"0,48","6,00","1,25","102,25",LSE,"1,02","2,45","24,95","22,90","28,60","3,11","100,08","99,80","100,34"
2/20/2023,112980,"0,53","0,00","0,00","29,13",NNE,"0,55","1,52","23,46","21,90","26,80","2,88","100,18","99,99","100,40"
2/21/2023,175698,"0,48","0,00","0,00","134,46",SE,"1,03","2,34","23,22","21,60","25,80","2,85","100,25","100,08","100,50"
2/22/2023,274542,"0,49","0,00","0,00","174,79",S,"0,82","2,28","25,53","23,10","30,40","3,04","100,36","100,08","100,65"
2/23/2023,255894,"0,44","1,00","1,00","89,29",L,"1,07","2,24","26,96","24,40","31,20","3,28","100,34","100,05","100,60"
2/24/2023,237294,"0,37","6,00","0,96","68,79",LNE,"0,98","2,47","26,40","24,90","30,20","3,24","100,26","99,97","100,52"
2/25/2023,221916,"0,43","6,00","1,88","78,21",LNE,"1,19","2,74","25,60","23,30","30,20","3,19","100,25","99,98","100,49"
2/26/2023,261564,"0,37","1,00","0,58","130,92",SE,"0,91","2,28","26,16","22,80","31,30","3,09","100,21","99,88","100,48"
2/27/2023,336132,"0,29","0,00","0,00","151,17",SSE,"1,31","3,06","26,56","24,40","31,90","3,19","100,25","100,04","100,51"
2/28/2023,295566,"0,26","3,00","1,08","123,42",LSE,"1,12","2,77","25,95","23,20","30,20","3,18","100,34","99,98","100,59"
3/1/2023,226584,"0,19","0,00","0,00","129,71",SE,"1,00","2,29","27,47","24,60","31,20","3,33","100,24","99,82","100,55"
3/2/2023,221154,"0,20","1,00","0,71","70,67",LNE,"0,75","1,59","25,67","23,70","28,90","3,26","100,09","99,77","100,42"
3/3/2023,214290,"0,27","0,00","0,00","99,25",L,"0,57","1,72","26,79","24,80","29,40","3,34","100,03","99,72","100,31"
3/4/2023,244374,"0,27","0,00","0,00","143,96",SE,"1,03","2,81","26,12","23,70","30,50","3,26","100,07","99,81","100,36"
3/5/2023,230934,"0,37","2,00","0,71","74,50",LNE,"1,08","2,48","25,78","23,70","28,20","3,30","100,10","99,82","100,36"
3/6/2023,164742,"0,39","0,00","0,00","126,42",SE,"1,00","2,59","25,32","24,00","27,50","3,15","100,11","99,80","100,38"
3/7/2023,67386,"0,41","0,00","0,00","99,88",L,"0,98","1,93","24,30","23,40","25,50","3,03","100,16","99,87","100,45"
3/8/2023,82074,"0,44","0,00","0,00","134,92",SE,"0,93","2,24","24,53","23,30","26,20","3,08","100,20","99,98","100,44"
3/9/2023,244842,"0,44","1,00","1,00","132,92",SE,"0,93","2,32","26,17","23,40","31,10","3,25","100,12","99,77","100,40"
3/10/2023,188910,"0,43","0,00","0,00","174,00",S,"1,06","2,75","26,05","24,50","28,20","3,22","100,12","99,85","100,44"
3/11/2023,125868,"0,49","31,00","0,79","71,71",LNE,"1,40","2,49","25,60","24,70","28,80","3,25","100,11","99,88","100,36"
3/12/2023,38538,"0,41","6,00","0,79","146,50",SSE,"0,90","1,94","24,18","22,90","25,40","3,02","100,28","100,06","100,58"
3/13/2023,181974,"0,41","0,00","0,00","155,00",SSE,"1,15","2,17","25,88","23,60","30,30","3,20","100,32","100,06","100,54"
3/14/2023,164016,"0,56","25,00","0,92","48,92",NE,"0,90","1,73","25,62","23,30","28,80","3,19","100,33","100,10","100,54"
3/15/2023,211098,"0,43","1,00","0,83","148,46",SSE,"1,06","2,35","25,95","24,30","29,40","3,27","100,23","99,91","100,49"
3/16/2023,158160,"0,41","0,00","0,00","68,25",LNE,"1,04","2,03","26,00","24,20","29,60","3,24","100,18","99,85","100,48"
3/17/2023,86220,"0,36","32,00","0,88","105,83",LSE,"1,16","2,14","24,81","23,90","28,10","3,12","100,17","99,87","100,44"
3/18/2023,218844,"0,36","0,00","0,00","152,79",SSE,"1,24","2,50","24,90","22,50","29,20","3,00","100,22","99,98","100,49"
3/19/2023,252072,"0,34","0,00","0,00","124,88",SE,"1,09","2,25","25,84","22,60","30,40","3,20","100,16","99,89","100,40"
3/20/2023,235998,"0,37","0,00","0,00","117,96",LSE,"1,16","2,53","26,13","23,30","30,10","3,22","100,18","99,90","100,53"
3/21/2023,265164,"0,27","0,00","0,00","158,92",SSE,"1,15","3,11","27,81","24,70","32,30","3,36","100,11","99,84","100,41"
3/22/2023,182142,"0,26","3,00","0,67","140,33",SE,"1,02","2,90","26,58","23,50","30,20","3,24","100,16","99,99","100,41"
3/23/2023,302730,"0,19","0,00","0,00","177,13",S,"1,05","2,69","26,50","23,30","30,70","3,20","100,15","99,85","100,38"
3/24/2023,240648,"0,20","4,00","0,42","121,46",LSE,"1,07","2,37","27,29","25,30","30,60","3,35","100,15","99,84","100,45"
3/25/2023,82860,"0,73","68,00","1,83","28,25",NNE,"0,52","0,96","24,48","22,60","26,50","3,05","100,23","99,88","100,59"
3/26/2023,220992,"0,19","3,00","0,63","116,33",LSE,"0,69","1,67","25,29","23,50","30,00","3,12","100,27","99,96","100,52"
3/27/2023,320190,"0,15","29,00","1,42","115,25",LSE,"0,99","2,61","26,61","23,40","32,30","3,21","100,22","99,84","100,47"
3/28/2023,278052,"0,17","0,00","0,00","75,25",LNE,"1,18","2,62","26,54","24,00","31,10","3,26","100,17","99,88","100,41"
3/29/2023,238944,"0,22","69,00","3,58","109,42",LSE,"1,12","2,53","26,62","23,20","31,10","3,19","100,13","99,79","100,37"
3/30/2023,190734,"0,17","0,00","0,00","134,29",SE,"1,09","2,43","25,83","23,90","28,20","3,22","100,24","99,99","100,52"
3/31/2023,299664,"0,12","0,00","0,00","163,42",SSE,"0,93","2,24","26,34","23,10","30,60","3,21","100,24","99,87","100,56"
4/1/2023,251772,"0,29","27,00","0,46","101,71",LSE,"0,63","1,87","25,92","22,40","29,70","3,23","100,20","99,85","100,47"
4/2/2023,123012,"0,17","0,00","0,00","71,75",LNE,"1,33","2,53","24,37","22,50","26,40","3,02","100,26","100,01","100,58"
4/3/2023,247464,"0,15","1,00","0,71","144,33",SE,"0,97","2,23","26,15","24,10","30,00","3,20","100,13","99,81","100,39"
4/4/2023,161394,"0,31","56,00","0,29","95,13",L,"1,12","2,13","25,40","23,90","29,90","3,15","100,03","99,78","100,28"
4/5/2023,161064,"0,15","1,00","0,58","71,83",LNE,"0,85","1,68","25,25","22,90","29,00","3,14","100,00","99,66","100,27"
4/6/2023,261312,"0,15","0,00","0,00","167,17",SSE,"1,10","2,96","26,13","23,80","29,60","3,12","100,05","99,81","100,35"
4/7/2023,300156,"0,14","0,00","0,00","163,50",SSE,"1,00","2,54","26,85","22,90","31,60","3,18","100,05","99,78","100,32"
4/8/2023,214284,"0,17","0,00","0,00","125,50",SE,"1,18","2,49","26,56","23,90","29,70","3,28","100,20","99,93","100,43"
4/9/2023,215412,"0,12","7,00","1,38","123,29",LSE,"1,21","2,71","25,98","24,30","29,80","3,24","100,26","100,00","100,54"
4/10/2023,198606,"0,14","4,00","2,33","82,21",L,"1,54","2,93","25,70","24,00","29,90","3,24","100,32","100,08","100,59"
4/11/2023,327282,"0,12","0,00","0,00","97,25",L,"1,10","2,34","26,55","23,00","32,20","3,18","100,14","99,79","100,45"
4/12/2023,317760,"0,09","0,00","0,00","121,67",LSE,"1,13","2,52","28,15","24,80","32,80","3,35","100,01","99,68","100,23"
4/13/2023,254424,"0,10","0,00","0,00","81,00",L,"1,13","2,23","27,80","24,50","32,40","3,42","99,92","99,59","100,22"
4/14/2023,241644,"0,10","9,00","1,29","153,75",SSE,"1,08","2,58","27,67","25,40","31,90","3,41","99,96","99,68","100,27"
4/15/2023,270006,"0,05","0,00","0,00","67,58",LNE,"1,17","2,53","27,23","24,40","31,80","3,38","100,09","99,85","100,33"
4/16/2023,113142,"0,19","16,00","0,42","83,04",L,"1,11","2,24","25,99","24,20","28,70","3,31","100,13","99,76","100,42"
4/17/2023,72780,"0,19","26,00","1,04","71,46",LNE,"1,35","2,44","24,97","23,80","26,70","3,16","100,03","99,78","100,24"
4/18/2023,146322,"0,19","17,00","0,88","77,17",LNE,"1,03","2,05","25,36","23,70","29,90","3,19","100,01","99,77","100,24"
4/19/2023,268584,"0,09","0,00","0,00","110,50",LSE,"0,84","2,25","27,19","23,60","31,60","3,30","100,14","99,87","100,42"
4/20/2023,318576,"0,07","4,00","1,79","111,38",LSE,"1,28","3,14","27,67","24,80","33,00","3,44","100,11","99,73","100,43"
4/21/2023,203166,"0,09","5,00","1,42","62,21",LNE,"1,57","3,12","26,07","23,60","29,20","3,28","100,00","99,65","100,25"
4/22/2023,78852,"0,10","4,00","1,08","60,88",LNE,"1,12","2,30","24,78","22,50","27,40","3,11","100,06","99,84","100,21"
4/23/2023,252420,"0,09","0,00","0,00","44,25",NE,"0,56","1,27","26,05","22,60","30,70","3,17","100,12","99,83","100,26"
4/24/2023,312732,"0,09","0,00","0,00","126,67",SE,"1,06","2,32","27,70","24,50","31,80","3,32","100,10","99,84","100,33"
4/25/2023,105552,"0,09","1,00","1,00","79,71",L,"1,59","3,02","26,17","24,90","27,50","3,33","100,29","100,09","100,50"
4/26/2023,213576,"0,09","2,00","1,54","81,58",L,"1,07","2,33","26,73","23,70","31,90","3,29","100,26","100,05","100,47"
4/27/2023,278214,"0,07","0,00","0,00","124,21",SE,"0,88","2,23","27,76","24,70","32,20","3,32","100,26","99,94","100,50"
4/28/2023,283062,"0,03","6,00","1,17","144,25",SE,"1,00","2,37","27,88","24,80","32,80","3,36","100,23","99,96","100,52"
4/29/2023,280800,"0,03","0,00","0,00","156,04",SSE,"1,04","2,57","27,83","24,70","32,00","3,35","100,25","99,95","100,51"
4/30/2023,225360,"0,02","1,00","1,29","168,29",SSE,"0,82","1,91","27,56","24,20","31,50","3,36","100,25","99,96","100,50"